Institute ID,Name,City,State,Score,Rank
IR-E-U-0456,Indian Institute of Technology MadrasMore Details |  |,Chennai,Tamil Nadu,89.93,1
IR-E-I-1074,Indian Institute of Technology DelhiMore Details |  |,New Delhi,Delhi,88.08,2
IR-E-U-0306,Indian Institute of Technology BombayMore Details |  |,Mumbai,Maharashtra,85.08,3
IR-E-I-1075,Indian Institute of Technology KanpurMore Details |  |,Kanpur,Uttar Pradesh,82.18,4
IR-E-U-0573,Indian Institute of Technology KharagpurMore Details |  |,Kharagpur,West Bengal,80.56,5
IR-E-U-0560,Indian Institute of Technology RoorkeeMore Details |  |,Roorkee,Uttarakhand,76.29,6
IR-E-U-0053,Indian Institute of Technology GuwahatiMore Details |  |,Guwahati,Assam,74.9,7
IR-E-U-0013,Indian Institute of Technology HyderabadMore Details |  |,Hyderabad,Telangana,66.44,8
IR-E-U-0467,National Institute of Technology TiruchirappalliMore Details |  |,Tiruchirappalli,Tamil Nadu,64.1,9
IR-E-U-0273,Indian Institute of Technology IndoreMore Details |  |,Indore,Madhya Pradesh,62.88,10
IR-E-U-0701,Indian Institute of Technology (BHU) VaranasiMore Details |  |,Varanasi,Uttar Pradesh,62.54,11
IR-E-U-0205,Indian Institute of Technology (Indian School of Mines)More Details |  |,Dhanbad,Jharkhand,62.06,12
IR-E-U-0237,National Institute of Technology KarnatakaMore Details |  |,Surathkal,Karnataka,61.3,13
IR-E-U-0439,Anna UniversityMore Details |  |,Chennai,Tamil Nadu,59.89,14
IR-E-U-0490,Vellore Institute of TechnologyMore Details |  |,Vellore,Tamil Nadu,59.32,15
IR-E-U-0357,National Institute of Technology RourkelaMore Details |  |,Rourkela,Odisha,59.29,16
IR-E-U-0575,Jadavpur UniversityMore Details |  |,Kolkata,West Bengal,59.23,17
IR-E-U-0308,Institute of Chemical TechnologyMore Details |  |,Mumbai,Maharashtra,58.7,18
IR-E-U-0025,National Institute of Technology WarangalMore Details |  |,Warangal,Telangana,57.76,19
IR-E-U-0436,Amrita School of EngineeringMore Details |  |,Amritapuri,Kerala,57.37,20
IR-E-U-0584,Indian Institute of Engineering Science and TechnologyMore Details |  |,Shibpur,West Bengal,57.14,21
IR-E-U-0355,Indian Institute of Technology BhubaneswarMore Details |  |,Bhubaneswar,Odisha,56.8,22
IR-E-U-0263,National Institute of Technology CalicutMore Details |  |,Kozhikode,Kerala,56.56,23
IR-E-U-0139,Indian Institute of Technology GandhinagarMore Details |  |,Gandhinagar,Gujarat,56.15,24
IR-E-U-0378,Indian Institute of Technology RoparMore Details |  |,Rupnagar,Punjab,55.95,25
IR-E-U-0064,Indian Institute of Technology PatnaMore Details |  |,Patna,Bihar,55.74,26
IR-E-U-0334,Visvesvaraya National Institute of TechnologyMore Details |  |,Nagpur,Maharashtra,54.76,27
IR-E-U-0108,Jamia Millia IslamiaMore Details |  |,New Delhi,Delhi,54.58,28
IR-E-I-1480,Thapar Institute of Engineering & TechnologyMore Details |  |,Patiala,Punjab,54.45,29
IR-E-U-0391,Birla Institute of Technology & ScienceMore Details |  |,Pilani,Rajasthan,54.39,30
IR-E-U-0184,Indian Institute of Technology MandiMore Details |  |,Mandi,Himachal Pradesh,54.17,31
IR-E-U-0497,Amity University NoidaMore Details |  |,Gautam Budh Nagar,Uttar Pradesh,53.09,32
IR-E-U-0255,Indian Institute of Space Science and TechnologyMore Details |  |,Thiruvananthapuram,Kerala,53.01,33
IR-E-U-0363,Siksha `O` AnusandhanMore Details |  |,Bhubaneswar,Odisha,52.38,34
IR-E-U-0410,Malaviya National Institute of TechnologyMore Details |  |,Jaipur,Rajasthan,52.25,35
IR-E-U-0098,Delhi Technological UniversityMore Details |  |,New Delhi,Delhi,51.99,36
IR-E-U-0476,Shanmugha Arts Science Technology & Research AcademyMore Details |  |,Thanjavur,Tamil Nadu,51.79,37
IR-E-U-0202,Birla Institute of TechnologyMore Details |  |,Ranchi,Jharkhand,51.42,38
IR-E-U-0496,Aligarh Muslim UniversityMore Details |  |,Aligarh,Uttar Pradesh,51.39,39
IR-E-U-0172,National Institute of Technology KurukshetraMore Details |  |,Kurukshetra,Haryana,51.19,40
IR-E-U-0473,S. R. M. Institute of Science and TechnologyMore Details |  |,Chennai,Tamil Nadu,50.95,41
IR-E-U-0356,Kalinga Institute of Industrial TechnologyMore Details |  |,Bhubaneswar,Odisha,50.07,42
IR-E-U-0014,International Institute of Information Technology HyderabadMore Details |  |,Hyderabad,Telangana,49.45,43
IR-E-C-16604,Sri Sivasubramaniya Nadar College of EngineeringMore Details |  |,Kancheepuram,Tamil Nadu,49.26,44
IR-E-C-7252,Manipal Institute of TechnologyMore Details |  |,Manipal,Karnataka,49.06,45
IR-E-U-0055,National Institute of Technology SilcharMore Details |  |,Silchar,Assam,48.66,46
IR-E-U-0577,National Institute of Technology DurgapurMore Details |  |,Durgapur,West Bengal,48.39,47
IR-E-U-0530,Motilal Nehru National Institute of TechnologyMore Details |  |,Allahabad,Uttar Pradesh,48.24,48
IR-E-C-37013,PSG College of TechnologyMore Details |  |,Coimbatore,Tamil Nadu,47.21,49
IR-E-C-41593,College of Engineering PuneMore Details |  |,Pune,Maharashtra,46.79,50
IR-E-U-0474,Sathyabama Institute of Science and TechnologyMore Details |  |,Chennai,Tamil Nadu,46.77,51
IR-E-U-0374,Dr. B. R. Ambedkar National Institute of TechnologyMore Details |  |,Jalandhar,Punjab,46.45,52
IR-E-U-0395,Indian Institute of Technology JodhpurMore Details |  |,Jodhpur,Rajasthan,46.13,53
IR-E-U-0149,Sardar Vallabhbhai National Institute of TechnologyMore Details |  |,Surat,Gujarat,45.59,54
IR-E-U-0249,Visvesvaraya Technological UniversityMore Details |  |,Belgaum,Karnataka,45.37,55
IR-E-U-0105,Indraprastha Institute of Information Technology DelhiMore Details |  |,New Delhi,Delhi,45.03,56
IR-E-U-0017,Jawaharlal Nehru Technological UniversityMore Details |  |,Hyderabad,Telangana,44.97,57
IR-E-U-0020,Koneru Lakshmaiah Education Foundation UniversityMore Details |  |,Vaddeswaram,Andhra Pradesh,44.7,58
IR-E-C-1331,M. S. Ramaiah Institute of TechnologyMore Details |  |,Bengaluru,Karnataka,43.74,59
IR-E-U-0458,Kalasalingam Academy of Research and Higher EducationMore Details |  |,Srivilliputtur,Tamil Nadu,43.71,60
IR-E-U-0619,National Institute of Technology MeghalayaMore Details |  |,Shillong,Meghalaya,43.69,61
IR-E-U-0221,International Institute of Information Technology BangaloreMore Details |  |,Bengaluru,Karnataka,43.55,62
IR-E-U-0297,Defence Institute of Advanced TechnologyMore Details |  |,Pune,Maharashtra,43.13,63
IR-E-C-26794,Thiagarajar College of EngineeringMore Details |  |,Madurai,Tamil Nadu,43.11,64
IR-E-U-0284,Maulana Azad National Institute of TechnologyMore Details |  |,Bhopal,Madhya Pradesh,42.17,65
IR-E-U-0795,Indian Institute of Information Technology GuwahatiMore Details |  |,Guwahati,Assam,41.92,66
IR-E-U-0092,National Institute of Technology RaipurMore Details |  |,Raipur,Chhattisgarh,41.58,67
IR-E-U-0080,Punjab Engineering College (Deemed To Be University)More Details |  |,Chandigarh,Chandigarh,41.43,68
IR-E-C-24004,College of Engineering(A)More Details |  |,Visakhapatnam,Andhra Pradesh,41.36,69
IR-E-C-1269,R. V. College of EngineeringMore Details |  |,Bengaluru,Karnataka,41.02,70
IR-E-C-33641,Veermata Jijabai Technological InstituteMore Details |  |,Mumbai,Maharashtra,40.58,71
IR-E-U-0078,Panjab UniversityMore Details |  |,Chandigarh,Chandigarh,40.44,72
IR-E-C-1262,B.M.S. College of EngineeringMore Details |  |,Bengaluru,Karnataka,40.35,73
IR-E-C-45375,Indian Institute of Food Processing Technology (IIFPT)More Details |  |,Thanjavur,Tamil Nadu,40.24,74
IR-E-U-0493,National Institute of Technology AgartalaMore Details |  |,Agratala,Tripura,39.98,75
IR-E-C-6379,Netaji Subhas University of Technology (NSUT)More Details |  |,South West,Delhi,39.97,76
IR-E-U-0620,National Institute of Technology GoaMore Details |  |,Ponda,Goa,39.93,77
IR-E-U-0201,Shri Mata Vaishno Devi UniversityMore Details |  |,Katra,Jammu and Kashmir,39.68,78
IR-E-U-0207,National Institute of Technology JamshedpurMore Details |  |,Jamshedpur,Jharkhand,39.44,79
IR-E-U-0460,Karunya Institute of Technology and SciencesMore Details |  |,Coimbatore,Tamil Nadu,39.4,80
IR-E-U-0286,Indian Institute of Information Technology Design & Manufacturing JabalpurMore Details |  |,Jabalpur,Madhya Pradesh,39.29,81
IR-E-C-36926,Kumaraguru College of TechnologyMore Details |  |,Coimbatore,Tamil Nadu,39.24,82
IR-E-C-36995,Sri Krishna College of Engineering and TechnologyMore Details |  |,Coimbatore,Tamil Nadu,38.83,83
IR-E-U-0747,Chandigarh UniversityMore Details |  |,Mohali,Punjab,38.82,84
IR-E-C-43708,College of Engineering TrivandrumMore Details |  |,Thiruvananthapuram,Kerala,38.68,85
IR-E-U-0099,Guru Gobind Singh Indraprastha UniversityMore Details |  |,New Delhi,Delhi,38.61,86
IR-E-U-0379,Lovely Professional UniversityMore Details |  |,Phagwara,Punjab,38.44,87
IR-E-C-27616,University College of EngineeringMore Details |  |,Hyderabad,Telangana,38.43,88
IR-E-U-0555,Graphic Era UniversityMore Details |  |,Dehradun,Uttarakhand,38.32,89
IR-E-C-36969,Coimbatore Institute of TechnologyMore Details |  |,Coimbatore,Tamil Nadu,38.24,90
IR-E-C-1297,Siddaganga Institute of TechnologyMore Details |  |,Tumkur,Karnataka,38.23,91
IR-E-U-0072,National Institute of Technology PatnaMore Details |  |,Patna,Bihar,38.21,92
IR-E-C-30045,C.V. Raman Global UniversityMore Details |  |,Bhubaneswar,Odisha,37.94,93
IR-E-U-0733,PES UniversityMore Details |  |,Bengaluru,Karnataka,37.94,93
IR-E-U-0489,Vel Tech Rangarajan Dr. Sagunthala R & D Institute of Science and TechnologyMore Details |  |,Chennai,Tamil Nadu,37.86,95
IR-E-U-0522,Jaypee Institute of Information TechnologyMore Details |  |,Noida,Uttar Pradesh,37.8,96
IR-E-C-18154,University College of EngineeringMore Details |  |,Kakinada,Andhra Pradesh,37.77,97
IR-E-U-0189,National Institute of Technology HamirpurMore Details |  |,Hamirpur,Himachal Pradesh,37.73,98
IR-E-C-35417,Bharati Vidyapeeth Deemed University College of EngineeringMore Details |  |,Pune,Maharashtra,37.71,99
IR-E-U-0267,Atal Bihari Vajpayee Indian Institute of Information Technology and ManagementMore Details |  |,Gwalior,Madhya Pradesh,37.6,100
IR-E-C-27058,Mepco Schlenk Engineering CollegeMore Details |  |,Sivakasi,Tamil Nadu,37.52,101
IR-E-U-0507,Dayalbagh Educational InstituteMore Details |  |,Agra,Uttar Pradesh,37.51,102
IR-E-U-0516,Indian Institute of Information Technology AllahabadMore Details |  |,Prayagraj (Allahabad),Uttar Pradesh,37.41,103
IR-E-U-0382,Punjab Technical UniversityMore Details |  |,Kapurthala,Punjab,37.1,104
IR-E-C-36975,Government College of TechnologyMore Details |  |,Coimbatore,Tamil Nadu,37.1,104
IR-E-C-16626,Rajalakshmi Engineering CollegeMore Details |  |,Chennai,Tamil Nadu,37.01,106
IR-E-U-0454,Hindustan Institute of Technology and Science (HITS)More Details |  |,Chennai,Tamil Nadu,36.98,107
IR-E-C-16547,Sri Sairam Engineering CollegeMore Details |  |,Kancheepuram,Tamil Nadu,36.91,108
IR-E-C-42054,Army Institute of TechnologyMore Details |  |,Pune,Maharashtra,36.85,109
IR-E-U-0163,The Northcap UniversityMore Details |  |,Gurgaon,Haryana,36.84,110
IR-E-U-0130,Dhirubhai Ambani Institute of Information and Communication TechnologyMore Details |  |,Gandhinagar,Gujarat,36.8,111
IR-E-U-0190,Shoolini University of Biotechnology and Management SciencesMore Details |  |,Solan,Himachal Pradesh,36.72,112
IR-E-C-18886,Shri Ramdeobaba College of Engineering and ManagementMore Details |  |,Nagpur,Maharashtra,36.62,113
IR-E-C-1371,New Horizon College of EngineeringMore Details |  |,Bengaluru,Karnataka,36.6,114
IR-E-U-0186,Jaypee University of Information TechnologyMore Details |  |,Solan,Himachal Pradesh,36.55,115
IR-E-U-0143,Maharaja Sayajirao University of BarodaMore Details |  |,Vadodara,Gujarat,36.54,116
IR-E-U-0223,Jain UniversityMore Details |  |,Bengluru,Karnataka,36.49,117
IR-E-U-0043,"Vignan's Foundation for Science, Technology & ResearchMore Details |  |",Guntur,Andhra Pradesh,36.28,118
IR-E-U-0367,Veer Surendra Sai University of TechnologyMore Details |  |,Burla,Odisha,36.13,119
IR-E-U-0175,YMCA University of Science and TechnologyMore Details |  |,Faridabad,Haryana,35.91,120
IR-E-S-8898,"National Institute of Food Technology, Enterprenurship & ManagementMore Details |  |",Sonipat,Haryana,35.65,121
IR-E-C-6581,Pondicherry Engineering CollegeMore Details |  |,Puducherry,Pondicherry,35.49,122
IR-E-U-0445,B. S. Abdur Rahman Crescent Institute of Science and TechnologyMore Details |  |,Chennai,Tamil Nadu,35.41,123
IR-E-C-25622,Chaitanya Bharathi Institute of TechnologyMore Details |  |,Hyderabad,Telangana,35.32,124
IR-E-C-33773,Bharatiya Vidya Bhavan`s Sardar Patel Institute of TechnologyMore Details |  |,Mumbai,Maharashtra,35.27,125
IR-E-C-1413,Dayananda Sagar College of EngineeringMore Details |  |,Bengaluru,Karnataka,35.11,126
IR-E-C-19667,Vallurupalli Nageswara Rao Vignana Jyothi Institute of Engineering and TechnologyMore Details |  |,Hyderabad,Telangana,34.99,127
IR-E-C-1352,Nitte Meenakshi Institute of TechnologyMore Details |  |,Bengaluru,Karnataka,34.97,128
IR-E-U-0774,DIT UniversityMore Details |  |,Dehradun,Uttarakhand,34.93,129
IR-E-U-0621,National Institute of Technology PuducherryMore Details |  |,Karaikal,Pondicherry,34.87,130
IR-E-U-0146,Nirma UniversityMore Details |  |,Ahmedabad,Gujarat,34.85,131
IR-E-C-1412,JSS Science and Technology UniversityMore Details |  |,Mysuru,Karnataka,34.81,132
IR-E-C-1400,N M A M Institute of TechnologyMore Details |  |,"Nitte, Udupi",Karnataka,34.73,133
IR-E-U-0535,Rajiv Gandhi Institute of Petroleum TechnologyMore Details |  |,Amethi,Uttar Pradesh,34.59,134
IR-E-C-37065,Kongu Engineering CollegeMore Details |  |,Perundurai,Tamil Nadu,34.45,135
IR-E-U-0854,KLE Technological UniversityMore Details |  |,Dharwad,Karnataka,34.34,136
IR-E-U-0384,Sant Longowal Institute of Engineering & TechnologyMore Details |  |,Longowal,Punjab,34.27,137
IR-E-U-0938,Dr. Vishwanath Karad MIT World Peace UniversityMore Details |  |,Pune,Maharashtra,34.17,138
IR-E-C-18817,G. H. Raisoni College of EngineeringMore Details |  |,Nagpur,Maharashtra,34.07,139
IR-E-C-18254,Yeshwantrao Chavan College of EngineeringMore Details |  |,Nagpur,Maharashtra,34.07,139
IR-E-C-19607,CVR College Of EngineeringMore Details |  |,Ibrahimpatan,Telangana,33.87,141
IR-E-C-37089,Sri Ramakrishna Engineering CollegeMore Details |  |,Coimbatore,Tamil Nadu,33.79,142
IR-E-C-19650,Vardhaman College of EngineeringMore Details |  |,Rangareddy,Telangana,33.75,143
IR-E-U-0332,The Rashtrasant Tukadoji Maharaj Nagpur UniversityMore Details |  |,Nagpur,Maharashtra,33.68,144
IR-E-U-0046,North Eastern Regional Institute of Science & TechnologyMore Details |  |,Itanagar,Arunachal Pradesh,33.67,145
IR-E-U-0685,Indira Gandhi Delhi Technical University for WomenMore Details |  |,Delhi,Delhi,33.67,145
IR-E-C-1345,P E S College of EngineeringMore Details |  |,Mandya,Karnataka,33.65,147
IR-E-C-43264,National Institute of Foundry and Forge Technology (NIFFT)More Details |  |,Ranchi,Jharkhand,33.57,148
IR-E-I-1441,Saveetha Institute of Medical and Technical SciencesMore Details |  |,Chennai,Tamil Nadu,33.55,149
IR-E-C-37028,Sona College of TechnologyMore Details |  |,Salem,Tamil Nadu,33.53,150
IR-E-N-10,SVKM`s Narsee Monjee Institute of Management StudiesMore Details |  |,Mumbai,Maharashtra,33.5,151
IR-E-C-37064,Sri Krishna College of TechnologyMore Details |  |,Coimbatore,Tamil Nadu,33.43,152
IR-E-U-0037,Sri Venkateswara UniversityMore Details |  |,Tirupati,Andhra Pradesh,33.29,153
IR-E-C-6202,Heritage Institute of TechnologyMore Details |  |,Kolkata,West Bengal,33.27,154
IR-E-C-16614,R. M. K. Engineering CollegeMore Details |  |,Thiruvallur,Tamil Nadu,33.24,155
IR-E-C-18010,Velagapudi Ramakrishna Siddhartha Engineering CollegeMore Details |  |,Vijayawada,Andhra Pradesh,33.13,156
IR-E-U-0592,Maulana Abul Kalam Azad University of TechnologyMore Details |  |,Nadia,West Bengal,33.07,157
IR-E-U-0613,National Institute of Technology ManipurMore Details |  |,Imphal,Manipur,33.02,158
IR-E-U-0213,Alliance UniversityMore Details |  |,Bengaluru,Karnataka,33,159
IR-E-C-16537,St. Josephs College of EngineeringMore Details |  |,Kancheepuram,Tamil Nadu,32.95,160
IR-E-C-19754,SR Engineering CollegeMore Details |  |,Warangal,Telangana,32.95,160
IR-E-U-0604,Amity University GwaliorMore Details |  |,Gwalior,Madhya Pradesh,32.88,162
IR-E-C-6238,Haldia Institute of TechnologyMore Details |  |,Haldia,West Bengal,32.83,163
IR-E-C-8277,Government Engineering CollegeMore Details |  |,Thrissur,Kerala,32.81,164
IR-E-I-1015,Vishwakarma Institute of TechnologyMore Details |  |,Pune,Maharashtra,32.72,165
IR-E-U-0864,Harcourt Butler Technical UniversityMore Details |  |,Kanpur Nagar,Uttar Pradesh,32.69,166
IR-E-U-0564,University of Petroleum and Energy StudiesMore Details |  |,Dehradun,Uttarakhand,32.51,167
IR-E-C-11015,Walchand College of EngineeringMore Details |  |,Sangli,Maharashtra,32.39,168
IR-E-C-1336,BMS Institute of Technology & ManagementMore Details |  |,Bengaluru,Karnataka,32.36,169
IR-E-C-19706,Institute of Aeronautical EngineeringMore Details |  |,Hyderabad,Telangana,32.26,170
IR-E-C-33584,K. J. Somaiya College of EngineeringMore Details |  |,Mumbai,Maharashtra,32.25,171
IR-E-C-19534,Goka Raju Ranga Raju Institute of Engineering & TechnologyMore Details |  |,Hyderabad,Telangana,32.24,172
IR-E-C-42242,Maharshi Karve Stree Shikshan Samstha's Cummins College of Engineering for WomenMore Details |  |,Pune,Maharashtra,32.23,173
IR-E-U-0169,ManavRachna International Institute of Research & StudiesMore Details |  |,Faridabad,Haryana,32.21,174
IR-E-C-1438,The National Institute of EngineeringMore Details |  |,Mysore,Karnataka,32.17,175
IR-E-C-16572,Sri Venkateswara College of EngineeringMore Details |  |,Kancheepuram,Tamil Nadu,32.12,176
IR-E-U-0147,Pandit Deendayal Petroleum UniversityMore Details |  |,Gandhinagar,Gujarat,32.08,177
IR-E-C-9462,"School of Engineering, Cochin University of Science and TechnologyMore Details |  |",Cochin,Kerala,32.04,178
IR-E-C-30153,"Silicon Institute of Technology (SIT), BhubaneswarMore Details |  |",Bhubaneswar,Odisha,32,179
IR-E-C-19747,Anurag Group of InstitutionsMore Details |  |,Hyderabad,Telangana,31.74,180
IR-E-U-0373,Chitkara UniversityMore Details |  |,Rajpura,Punjab,31.72,181
IR-E-U-0455,"Indian Institute of Information Technology, Design & ManufacturingMore Details |  |",Chennai,Tamil Nadu,31.63,182
IR-E-U-0739,Madan Mohan Malaviya University of TechnologyMore Details |  |,Gorakhpur,Uttar Pradesh,31.6,183
IR-E-C-26929,Sree Vidyanikethan Engineering CollegeMore Details |  |,A.Rangampet,Andhra Pradesh,31.54,184
IR-E-C-26928,JNTUA College of EngineeringMore Details |  |,Anantapur,Andhra Pradesh,31.52,185
IR-E-C-1398,BNM Institute of TechnologyMore Details |  |,Bengaluru,Karnataka,31.48,186
IR-E-C-26162,Vasavi College of EngineeringMore Details |  |,Hyderabad,Telangana,31.46,187
IR-E-C-17913,Gayatri Vidya Parishad College of EngineeringMore Details |  |,Visakhapatnam,Andhra Pradesh,31.38,188
IR-E-C-27089,National Engineering CollegeMore Details |  |,Kovilpatti,Tamil Nadu,31.36,189
IR-E-C-26905,G.Pulla Reddy Engineering CollegeMore Details |  |,Kurnool,Andhra Pradesh,31.35,190
IR-E-C-6192,Institute of Engineering & ManagementMore Details |  |,Kolkata,West Bengal,31.33,191
IR-E-C-16476,Sri Sai Ram Institute of TechnologyMore Details |  |,Chennai,Tamil Nadu,31.32,192
IR-E-U-0129,Dharmsinh Desai UniversityMore Details |  |,Nadiad,Gujarat,31.29,193
IR-E-U-0405,The LNM Institute of Information TechnologyMore Details |  |,Jaipur,Rajasthan,31.24,194
IR-E-U-0162,Guru Jambheshwar University of Science and TechnologyMore Details |  |,Hisar,Haryana,31.23,195
IR-E-C-42227,Dr. D. Y. Patil Institute of TechnologyMore Details |  |,Pune,Maharashtra,31.15,196
IR-E-C-49660,Pimpri Chinchwad College of EngineeringMore Details |  |,Pune,Maharashtra,31.13,197
IR-E-C-34167,Ramrao Adik Institute of TechnologyMore Details |  |,Navi Mumbai,Maharashtra,31.11,198
IR-E-C-48145,BVRIT HyderabadMore Details |  |,Hyderabad,Telangana,31.1,199
IR-E-U-0615,National Institute of Technology Arunachal PradeshMore Details |  |,Itanagar,Arunachal Pradesh,31.09,200