Institute ID,Name,City,State,Score,Rank
IR-O-U-0456,Indian Institute of Technology MadrasMore Details |  |,Chennai,Tamil Nadu,85.31,1
IR-O-U-0220,Indian Institute of ScienceMore Details |  |,Bengaluru,Karnataka,84.18,2
IR-O-I-1074,Indian Institute of Technology DelhiMore Details |  |,New Delhi,Delhi,81.33,3
IR-O-U-0306,Indian Institute of Technology BombayMore Details |  |,Mumbai,Maharashtra,80.75,4
IR-O-U-0573,Indian Institute of Technology KharagpurMore Details |  |,Kharagpur,West Bengal,75.85,5
IR-O-I-1075,Indian Institute of Technology KanpurMore Details |  |,Kanpur,Uttar Pradesh,74.99,6
IR-O-U-0053,Indian Institute of Technology GuwahatiMore Details |  |,Guwahati,Assam,68.81,7
IR-O-U-0109,Jawaharlal Nehru UniversityMore Details |  |,New Delhi,Delhi,68.76,8
IR-O-U-0560,Indian Institute of Technology RoorkeeMore Details |  |,Roorkee,Uttarakhand,68.48,9
IR-O-U-0500,Banaras Hindu UniversityMore Details |  |,Varanasi,Uttar Pradesh,62.03,10
IR-O-U-0570,Calcutta UniversityMore Details |  |,Kolkata,West Bengal,61.01,11
IR-O-U-0575,Jadavpur UniversityMore Details |  |,Kolkata,West Bengal,60.77,12
IR-O-U-0436,Amrita Vishwa VidyapeethamMore Details |  |,Coimbatore,Tamil Nadu,60.74,13
IR-O-U-0234,Manipal Academy of Higher EducationMore Details |  |,Manipal,Karnataka,59.96,14
IR-O-U-0042,University of HyderabadMore Details |  |,Hyderabad,Telangana,59.92,15
IR-O-U-0108,Jamia Millia IslamiaMore Details |  |,New Delhi,Delhi,59.85,16
IR-O-U-0013,Indian Institute of Technology HyderabadMore Details |  |,Hyderabad,Telangana,59.59,17
IR-O-U-0120,University of DelhiMore Details |  |,Delhi,Delhi,58.97,18
IR-O-U-0323,Savitribai Phule Pune UniversityMore Details |  |,Pune,Maharashtra,58.77,19
IR-O-U-0439,Anna UniversityMore Details |  |,Chennai,Tamil Nadu,58.1,20
IR-O-U-0447,Bharathiar UniversityMore Details |  |,Coimbatore,Tamil Nadu,57.32,21
IR-O-U-0205,Indian Institute of Technology (Indian School of Mines)More Details |  |,Dhanbad,Jharkhand,56.05,22
IR-O-U-0273,Indian Institute of Technology IndoreMore Details |  |,Indore,Madhya Pradesh,55.94,23
IR-O-U-0467,National Institute of Technology TiruchirappalliMore Details |  |,Tiruchirappalli,Tamil Nadu,55.92,24
IR-O-U-0305,Indian Institute of Science Education & Research PuneMore Details |  |,Pune,Maharashtra,55.43,25
IR-O-U-0701,Indian Institute of Technology (BHU) VaranasiMore Details |  |,Varanasi,Uttar Pradesh,54.82,26
IR-O-U-0391,Birla Institute of Technology & ScienceMore Details |  |,Pilani,Rajasthan,54.13,27
IR-O-U-0490,Vellore Institute of TechnologyMore Details |  |,Vellore,Tamil Nadu,53.89,28
IR-O-U-0572,Indian Institute of Science Education & Research KolkataMore Details |  |,Mohanpur,West Bengal,53.49,29
IR-O-U-0304,Homi Bhabha National InstituteMore Details |  |,Mumbai,Maharashtra,53.2,30
IR-O-U-0496,Aligarh Muslim UniversityMore Details |  |,Aligarh,Uttar Pradesh,52.54,31
IR-O-U-0357,National Institute of Technology RourkelaMore Details |  |,Rourkela,Odisha,51.87,32
IR-O-U-0237,National Institute of Technology KarnatakaMore Details |  |,Surathkal,Karnataka,51.86,33
IR-O-U-0308,Institute of Chemical TechnologyMore Details |  |,Mumbai,Maharashtra,51.7,34
IR-O-U-0139,Indian Institute of Technology GandhinagarMore Details |  |,Gandhinagar,Gujarat,51.49,35
IR-O-U-0006,Andhra UniversityMore Details |  |,Visakhapatnam,Andhra Pradesh,51.24,36
IR-O-U-0107,Jamia HamdardMore Details |  |,New Delhi,Delhi,51.02,37
IR-O-U-0363,Siksha `O` AnusandhanMore Details |  |,Bhubaneswar,Odisha,50.97,38
IR-O-U-0378,Indian Institute of Technology RoparMore Details |  |,Rupnagar,Punjab,50.92,39
IR-O-U-0272,Indian Institute of Science Education & Research BhopalMore Details |  |,Bhopal,Madhya Pradesh,50.83,40
IR-O-I-1357,University of MadrasMore Details |  |,Chennai,Tamil Nadu,50.76,41
IR-O-U-0260,Kerala UniversityMore Details |  |,Thiruvananthapuram,Kerala,50.71,42
IR-O-U-0584,Indian Institute of Engineering Science and TechnologyMore Details |  |,Shibpur,West Bengal,50.41,43
IR-O-U-0078,Panjab UniversityMore Details |  |,Chandigarh,Chandigarh,50.24,44
IR-O-U-0356,Kalinga Institute of Industrial TechnologyMore Details |  |,Bhubaneswar,Odisha,50.24,44
IR-O-U-0025,National Institute of Technology WarangalMore Details |  |,Warangal,Telangana,49.82,46
IR-O-U-0235,Mysore UniversityMore Details |  |,Mysuru,Karnataka,49.75,47
IR-O-U-0476,Shanmugha Arts Science Technology & Research AcademyMore Details |  |,Thanjavur,Tamil Nadu,49.4,48
IR-O-U-0262,Mahatma Gandhi UniversityMore Details |  |,Kottayam,Kerala,49.29,49
IR-O-U-0523,King George`s Medical UniversityMore Details |  |,Lucknow,Uttar Pradesh,48.91,50
IR-O-I-1486,Sri Ramachandra Institute of Higher Education And ResearchMore Details |  |,Chennai,Tamil Nadu,48.59,51
IR-O-I-1480,Thapar Institute of Engineering & TechnologyMore Details |  |,Patiala,Punjab,48.59,51
IR-O-U-0027,Osmania UniversityMore Details |  |,Hyderabad,Telangana,48.54,53
IR-O-U-0064,Indian Institute of Technology PatnaMore Details |  |,Patna,Bihar,48.09,54
IR-O-U-0222,JSS Academy of Higher Education and ResearchMore Details |  |,Mysuru,Karnataka,48.09,54
IR-O-U-0355,Indian Institute of Technology BhubaneswarMore Details |  |,Bhubaneswar,Odisha,47.96,56
IR-O-U-0331,Tata Institute of Social SciencesMore Details |  |,Mumbai,Maharashtra,47.45,57
IR-O-U-0473,S. R. M. Institute of Science and TechnologyMore Details |  |,Chennai,Tamil Nadu,47.27,58
IR-O-U-0377,Indian Institute of Science Education & Research MohaliMore Details |  |,Mohali,Punjab,47.19,59
IR-O-U-0136,Gujarat UniversityMore Details |  |,Ahmedabad,Gujarat,47.1,60
IR-O-U-0474,Sathyabama Institute of Science and TechnologyMore Details |  |,Chennai,Tamil Nadu,47.03,61
IR-O-U-0098,Delhi Technological UniversityMore Details |  |,New Delhi,Delhi,46.89,62
IR-O-U-0497,Amity University NoidaMore Details |  |,Gautam Budh Nagar,Uttar Pradesh,46.88,63
IR-O-U-0435,Alagappa UniversityMore Details |  |,Karaikudi,Tamil Nadu,46.85,64
IR-O-U-0056,Tezpur UniversityMore Details |  |,Tezpur,Assam,46.83,65
IR-O-I-1441,Saveetha Institute of Medical and Technical SciencesMore Details |  |,Chennai,Tamil Nadu,46.81,66
IR-O-U-0184,Indian Institute of Technology MandiMore Details |  |,Mandi,Himachal Pradesh,46.56,67
IR-O-U-0037,Sri Venkateswara UniversityMore Details |  |,Tirupati,Andhra Pradesh,46.14,68
IR-O-U-0589,Visva BharatiMore Details |  |,Santiniketan,West Bengal,45.95,69
IR-O-U-0020,Koneru Lakshmaiah Education Foundation UniversityMore Details |  |,Vaddeswaram,Andhra Pradesh,45.89,70
IR-O-U-0410,Malaviya National Institute of TechnologyMore Details |  |,Jaipur,Rajasthan,45.65,71
IR-O-U-0052,Gauhati UniversityMore Details |  |,Guwahati,Assam,45.48,72
IR-O-U-0329,Symbiosis InternationalMore Details |  |,Pune,Maharashtra,45.43,73
IR-O-U-0341,North Eastern Hill UniversityMore Details |  |,Shillong,Meghalaya,45.31,74
IR-O-I-1110,Dr. D. Y. Patil VidyapeethMore Details |  |,Pune,Maharashtra,45.08,75
IR-O-U-0251,Calicut UniversityMore Details |  |,Malappuram,Kerala,44.71,76
IR-O-U-0448,Bharathidasan UniversityMore Details |  |,Tiruchirappalli,Tamil Nadu,44.7,77
IR-O-U-0196,University of KashmirMore Details |  |,Srinagar,Jammu and Kashmir,44.67,78
IR-O-U-0389,Banasthali VidyapithMore Details |  |,Banasthali,Rajasthan,44.61,79
IR-O-U-0254,Indian Institute of Science Education & Research ThiruvananthapuramMore Details |  |,Thiruvananthapuram,Kerala,44.53,80
IR-O-U-0369,Pondicherry UniversityMore Details |  |,Puducherry,Pondicherry,44.48,81
IR-O-U-0642,Shiv Nadar UniversityMore Details |  |,Dadri,Uttar Pradesh,44.47,82
IR-O-C-16604,Sri Sivasubramaniya Nadar College of EngineeringMore Details |  |,Kancheepuram,Tamil Nadu,44.42,83
IR-O-U-0463,Madurai Kamaraj UniversityMore Details |  |,Madurai,Tamil Nadu,44.27,84
IR-O-U-0202,Birla Institute of TechnologyMore Details |  |,Ranchi,Jharkhand,44.17,85
IR-O-C-37013,PSG College of TechnologyMore Details |  |,Coimbatore,Tamil Nadu,44.17,85
IR-O-U-0446,Bharath Institute of Higher Education & ResearchMore Details |  |,Chennai,Tamil Nadu,44.03,87
IR-O-U-0376,Guru Nanak Dev UniversityMore Details |  |,Amritsar,Punjab,43.81,88
IR-O-U-0253,Cochin University of Science and TechnologyMore Details |  |,Cochin,Kerala,43.71,89
IR-O-U-0195,University of JammuMore Details |  |,Jammu,Jammu and Kashmir,43.61,90
IR-O-N-17,Sawai Man Singh Medical CollegeMore Details |  |,Jaipur,Rajasthan,43.5,91
IR-O-N-10,SVKM`s Narsee Monjee Institute of Management StudiesMore Details |  |,Mumbai,Maharashtra,43.07,92
IR-O-U-0530,Motilal Nehru National Institute of TechnologyMore Details |  |,Allahabad,Uttar Pradesh,42.87,93
IR-O-U-0055,National Institute of Technology SilcharMore Details |  |,Silchar,Assam,42.76,94
IR-O-U-0318,Mumbai UniversityMore Details |  |,Mumbai,Maharashtra,42.45,95
IR-O-U-0577,National Institute of Technology DurgapurMore Details |  |,Durgapur,West Bengal,42.26,96
IR-O-U-0295,Datta Meghe Institute of Medical SciencesMore Details |  |,Wardha,Maharashtra,42.24,97
IR-O-I-1361,Bharati VidyapeethMore Details |  |,Pune,Maharashtra,42.23,98
IR-O-U-0379,Lovely Professional UniversityMore Details |  |,Phagwara,Punjab,41.81,99
IR-O-U-0345,Mizoram UniversityMore Details |  |,Aizawl,Mizoram,41.8,100
IR-O-U-0215,Bangalore UniversityMore Details |,Bengaluru,Karnataka,41.8,100