Institute Id,Institute Name,City,State,Score,Rank,TLR,RPC,GO,OI,Perception
IR-P-U-0107,Jamia Hamdard,New Delhi,Delhi,78.52,1,75.03,82.33,82.36,57.63,90.75
IR-P-U-0078,Panjab University,Chandigarh,Chandigarh,77.99,2,76.44,80.63,77.42,73.07,80.78
IR-P-U-0391,Birla Institute of Technology & Science -Pilani,Pilani,Rajasthan,75.57,3,90.02,61.69,81.75,70.71,66.33
IR-P-U-0380,National Institute of Pharmaceutical Education and Research Mohali,Mohali,Punjab,74.52,4,77.38,61.47,81.56,65.54,100.00
IR-P-U-0308,Institute of Chemical Technology,Mumbai,Maharashtra,74.18,5,80.79,66.10,84.00,52.33,80.78
IR-P-I-1077,National Institute of Pharmaceutical Education and Research Hyderabad,Hyderabad,Telangana,74.08,6,79.55,58.82,89.96,71.06,74.72
IR-P-C-35006,JSS College of Pharmacy,Ooty,Tamil Nadu,68.99,7,83.34,33.64,90.34,73.91,84.38
IR-P-C-7249,"Manipal College of Pharmaceutical Sciences, Manipal",Udupi,Karnataka,67.65,8,75.73,50.20,74.53,67.90,81.71
IR-P-C-35007,JSS College of Pharmacy,Mysore,Karnataka,65.18,9,78.93,30.30,89.70,66.85,77.86
IR-P-N-14,National Institute of Pharmaceutical Education and Research Ahmedabad,Gandhinagar,Gujarat,63.30,10,73.18,51.41,73.85,65.41,46.25
IR-P-U-0497,Amity University,Gautam Budh Nagar,Uttar Pradesh,61.48,11,73.61,61.77,57.72,59.54,33.82
IR-P-U-0436,Amrita Vishwa Vidyapeetham,Coimbatore,Tamil Nadu,61.21,12,68.19,57.78,68.21,77.63,20.25
IR-P-N-26,National Institute of Pharmaceutical Education and Research Raebareli,Lucknow,Uttar Pradesh,60.33,13,86.81,36.87,63.82,63.00,41.71
IR-P-N-10,SVKM`s Narsee Monjee Institute of Management Studies,Mumbai,Maharashtra,59.99,14,80.16,43.19,76.17,61.49,16.03
IR-P-U-0473,S.R.M. Institute of Science and Technology,Chennai,Tamil Nadu,58.39,15,67.92,52.18,69.42,50.86,33.82
IR-P-U-0443,Annamalai University,Annamalainagar,Tamil Nadu,57.86,16,72.47,48.32,71.64,36.35,36.62
IR-P-C-35430,"Poona College of Pharmacy, Pune",Pune,Maharashtra,55.97,17,70.91,29.91,73.26,54.99,55.81
IR-P-U-0383,"Punjabi University, Patiala",Patiala,Punjab,55.74,18,61.26,46.44,68.14,42.20,55.81
IR-P-I-1073,National Institute of Pharmaceutical Education and Research Guwahati,Guwahati,Assam,55.73,19,67.16,31.60,74.58,57.70,54.07
IR-P-U-0146,Nirma University,Ahmedabad,Gujarat,55.06,20,64.13,42.21,72.53,52.68,33.82
IR-P-I-1486,Sri Ramachandra Institute of Higher Education and Research,Chennai,Tamil Nadu,54.82,21,67.44,34.67,70.81,52.00,48.34
IR-P-U-0389,Banasthali Vidyapith,Banasthali,Rajasthan,54.21,22,72.21,24.12,85.50,76.05,6.06
IR-P-U-0379,Lovely Professional University,Phagwara,Punjab,54.20,23,66.22,54.64,51.34,56.46,20.25
IR-P-U-0143,Maharaja Sayajirao University of Baroda,Vadodara,Gujarat,53.33,24,52.80,44.53,74.79,57.91,33.82
IR-P-C-33873,Bombay College of Pharmacy,Mumbai,Maharashtra,53.24,25,74.55,20.72,63.30,53.68,66.33
IR-P-U-0202,Birla Institute of Technology,Ranchi,Jharkhand,52.34,26,64.33,31.69,60.37,60.46,54.07
IR-P-U-0162,Guru Jambheshwar University of Science and Technology,Hisar,Haryana,51.28,27,71.14,31.40,56.51,45.96,46.25
IR-P-C-33877,SVKM's Dr. Bhanuben Nanavati College of Pharmacy,Mumbai,Maharashtra,51.20,28,72.88,28.04,70.64,52.04,16.03
IR-P-C-10398,I. S. F. College of Pharmacy,Moga,Punjab,50.77,29,60.99,31.41,65.18,60.86,39.24
IR-P-I-1450,AU College of Pharmaceutical Sciences,Visakhapatnam,Andhra Pradesh,50.52,30,52.78,27.59,83.00,42.26,55.81
IR-P-I-1280,Maharshi Dayanand University,Rohtak,Haryana,50.19,31,59.64,38.87,56.72,49.00,44.04
IR-P-U-0853,Delhi Pharmaceutical Sciences and Research University,Delhi,Delhi,50.08,32,55.89,18.16,75.54,58.62,68.91
IR-P-I-1072,National Institute of Pharmaceutical Education and Research Kolkata,Kolkata,West Bengal,49.90,33,80.14,13.74,57.25,63.71,39.24
IR-P-U-0168,Maharishi Markandeshwar,Ambala,Haryana,49.81,34,59.93,32.19,63.51,53.02,41.71
IR-P-U-0373,Chitkara University,Rajpura,Punjab,49.68,35,71.61,17.33,62.38,63.48,41.71
IR-P-U-0190,Shoolini University of Biotechnology and Management Sciences,Solan,Himachal Pradesh,49.38,36,67.81,31.94,65.22,52.90,11.34
IR-P-U-0491,"Vels Institute of Science, Technology & Advanced Studies (VISTAS)",Chennai,Tamil Nadu,49.06,37,65.26,40.73,49.66,49.20,24.08
IR-P-U-0051,Dibrugarh University,Dibrugarh,Assam,48.89,38,67.35,29.80,61.27,41.07,33.82
IR-P-I-1335,Dr. D. Y. Patil Institute of Pharmaceutical Sciences and Research,Pune,Maharashtra,48.27,39,70.16,8.18,73.74,53.97,46.25
IR-P-C-24505,"KLE College of Pharmacy, Belgaum",Belgaum,Karnataka,46.26,40,68.30,11.36,69.61,60.31,24.08
IR-P-U-0519,Integral University,Lucknow,Uttar Pradesh,45.70,41,62.12,34.65,46.30,43.33,30.82
IR-P-U-0085,Guru Ghasidas Vishwavidyalaya,Bilaspur,Chhattisgarh,45.64,42,70.01,32.45,53.71,41.62,0.00
IR-P-I-1256,Noida Institute of Engineering and Technology (Pharmacy Institute),Greater Noida,Uttar Pradesh,45.50,43,63.12,3.19,70.28,56.28,59.10
IR-P-U-0034,Sri Padmavathi Mahila Visvavidyalayam,Tirupathi,Andhra Pradesh,45.40,44,68.76,24.16,55.53,52.82,11.34
IR-P-C-19322,Nitte Gulabi Shetty Memorial Institute of Pharmaceutical Sciences,Mangaluru,Karnataka,45.39,45,68.30,16.74,67.04,58.59,6.06
IR-P-C-18900,Smt. Kishoritai Bhoyar College of Pharmacy,Nagpur,Maharashtra,44.91,46,66.36,6.38,70.44,53.43,36.62
IR-P-C-409,L. M. College of Pharmacy,Ahmedabad,Gujarat,44.77,47,69.91,9.39,56.96,51.91,44.04
IR-P-U-0019,Kakatiya University,Hanamkonda,Telangana,44.40,48,43.20,31.10,64.19,50.97,41.71
IR-P-C-11091,"Bharati Vidyapeeth College of Pharmacy, Kolhapur",Kolhapur,Maharashtra,43.74,49,62.61,16.51,60.25,52.00,27.58
IR-P-I-1045,R. C. Patel Institute of Pharmaceutical Education & Research,Shirpur,Maharashtra,43.34,50,71.18,11.08,65.57,55.60,0.00
IR-P-U-0747,Chandigarh University,Mohali,Punjab,43.33,51,69.64,6.86,53.89,75.79,20.25
IR-P-U-0724,M.S. Ramaiah University of Applied Sciences,Bangalore,Karnataka,43.12,52,65.15,16.04,50.25,59.62,27.58
IR-P-C-34531,Y. B. Chavan College of Pharmacy,Aurangabad,Maharashtra,43.03,53,64.52,13.57,54.11,51.20,36.62
IR-P-U-0037,Sri Venkateswara University,Tirupati,Andhra Pradesh,42.36,54,48.39,32.37,56.81,51.65,16.03
IR-P-C-26907,Raghavendra Institute of Pharmaceuatical Education & Research,Anantapur,Andhra Pradesh,42.16,55,62.66,5.15,67.30,56.04,27.58
IR-P-C-30858,Goa College of Pharmacy,Panaji,Goa,42.13,56,66.76,4.22,61.09,52.28,33.82
IR-P-C-10250,Amar Shaheed Baba Ajit Singh Jujhar Singh Memorial College of Pharmacy,Bela,Punjab,42.11,57,60.03,8.18,71.48,62.25,11.34
IR-P-U-0562,"Kumaun University, Nainital",Nainital,Uttarakhand,41.89,58,61.06,21.79,56.90,50.41,6.06
IR-P-U-0513,G. L. A. University,Mathura,Uttar Pradesh,41.78,59,64.29,20.05,51.10,46.50,16.03
IR-P-C-40354,Acharya & B M Reddy College of Pharmacy,Bengaluru,Karnataka,41.66,60,63.50,6.89,67.13,55.05,16.03
IR-P-C-19747,Anurag University,Hyderabad,Telangana,41.28,61,61.03,4.95,47.64,63.77,55.81
IR-P-C-26904,Sri Venkateswara College of Pharmacy,Chittoor,Andhra Pradesh,41.20,62,66.16,2.56,70.09,65.60,0.00
IR-P-C-10283,"Chandigarh College of Pharmacy, Landran",Landran,Punjab,40.72,63,63.61,13.54,51.26,62.01,11.34
IR-P-C-45540,PSG College of Pharmacy,Coimbatore,Tamil Nadu,40.40,64,57.28,9.66,51.26,52.31,48.34
IR-P-C-33814,Bharati Vidyapeeth's College of Pharmacy,Navi Mumbai,Maharashtra,40.26,65,65.95,11.13,44.32,51.86,30.82
IR-P-C-44200,C.U. Shah College of Pharmacy,Mumbai,Maharashtra,40.13,66,64.43,5.13,55.98,52.96,27.58
IR-P-U-0413,Mohan Lal Sukhadia University,Udaipur,Rajasthan,39.80,67,64.44,14.95,53.91,52.13,0.00
IR-P-U-0502,Bundelkhand University,Jhansi,Uttar Pradesh,39.61,68,65.24,11.09,60.24,46.61,0.00
IR-P-S-10906,Guru Nanak Institute of Pharmaceutical Science & Technology,Kolkata,West Bengal,39.47,69,63.11,2.72,68.60,48.65,11.34
IR-P-C-39486,Chalapathi Institute of Pharmaceutical Sciences,Guntur,Andhra Pradesh,39.47,69,64.14,5.47,67.04,51.81,0.00
IR-P-U-0093,Pt. Ravishankar Shukla University,Raipur,Chhattisgarh,39.33,71,46.84,23.24,65.17,46.66,6.06
IR-P-U-0401,Jaipur National University,Jaipur,Rajasthan,38.70,72,50.72,27.44,51.75,49.04,0.00
IR-P-C-19613,Vishnu Institute of Pharmaceutical Education and Research,Narsapur,Telangana,38.70,72,60.18,1.64,46.90,53.74,54.07
IR-P-C-45528,KMCH College of Pharmacy,Coimbatore,Tamil Nadu,38.67,74,65.27,2.43,52.81,57.84,20.25
IR-P-C-40080,Sri Adichunchanagiri College of Pharmacy,B.G Nagara,Karnataka,38.58,75,64.78,1.03,59.18,58.66,11.34
