Institute Id,Institute Name,City,State,Score,Rank,TLR,RPC,GO,OI,Perception
IR-A-U-0573,Indian Institute of Technology Kharagpur,Kharagpur,West Bengal,81.96,1,73.85,89.49,86.98,75.54,95.66
IR-A-U-0560,Indian Institute of Technology Roorkee,Roorkee,Uttarakhand,78.33,2,75.40,89.24,82.48,65.01,73.18
IR-A-U-0263,National Institute of Technology Calicut,Kozhikode,Kerala,65.52,3,73.28,41.45,72.07,63.51,71.59
IR-A-U-0116,School of Planning and Architecture New Delhi,New Delhi,Delhi,62.49,4,68.32,16.70,73.91,72.07,98.32
IR-A-C-43708,College of Engineering,Thiruvananthapuram,Kerala,59.47,5,64.05,33.13,76.52,54.67,64.50
IR-A-U-0626,School of Planning and Architecture Bhopal,Bhopal,Madhya Pradesh,58.72,6,72.46,24.41,61.47,67.35,58.26
IR-A-U-0467,National Institute of Technology Tiruchirappalli,Tiruchirappalli,Tamil Nadu,58.65,7,49.71,50.33,66.74,61.73,91.83
IR-A-U-0108,Jamia Millia Islamia,New Delhi,Delhi,58.07,8,59.91,24.89,84.16,74.65,48.17
IR-A-U-0627,School of Planning and Architecture Vijayawada,Vijayawada,Andhra Pradesh,57.07,9,62.11,9.96,84.74,59.74,73.18
IR-A-U-0202,Birla Institute of Technology,Ranchi,Jharkhand,56.62,10,62.34,36.86,60.55,55.74,66.39
IR-A-C-24004,College of Engineering Visakhapatnam,Visakhapatnam,Andhra Pradesh,55.70,11,74.84,10.63,76.52,52.70,30.68
IR-A-U-0439,Anna University,Chennai,Tamil Nadu,53.29,12,50.03,27.53,62.87,51.95,100.00
IR-A-U-0496,Aligarh Muslim University,Aligarh,Uttar Pradesh,52.17,13,43.42,46.87,91.54,29.24,42.02
IR-A-U-0284,Maulana Azad National Institute of Technology,Bhopal,Madhya Pradesh,51.87,14,60.22,38.13,60.43,45.82,34.81
IR-A-C-57952,BMS College of Architecture,Bengaluru,Karnataka,50.61,15,64.93,0.01,56.03,58.06,76.21
