Institute Id,Institute Name,City,State,Score,Rank,TLR,RPC,GO,OI,Perception
IR-C-C-6355,Miranda House,Delhi,Delhi,73.72,1,77.45,39.24,88.35,75.90,71.74
IR-C-C-6377,Hindu College,Delhi,Delhi,70.57,2,73.74,26.63,89.78,74.77,71.46
IR-C-C-43921,Presidency College,Chennai,Tamil Nadu,68.01,3,77.49,98.02,46.40,50.56,56.50
IR-C-C-22470,St. Stephen`s College,Delhi,Delhi,67.55,4,75.11,14.06,76.98,68.71,92.87
IR-C-C-6415,Lady Shri Ram College for Women,New Delhi,Delhi,66.71,5,70.51,5.19,93.81,61.55,81.24
IR-C-C-44006,Loyola College,Chennai,Tamil Nadu,66.31,6,64.83,83.36,52.89,46.65,100.00
IR-C-C-6419,Shri Ram College of Commerce,Delhi,Delhi,64.94,7,70.16,0.98,90.07,74.62,67.46
IR-C-I-1317,Rama Krishna Mission Vivekananda Centenary College,Rahara,West Bengal,64.76,8,77.04,24.31,98.51,26.97,29.61
IR-C-C-6425,Hans Raj College,Delhi,Delhi,64.65,9,69.76,17.40,83.27,77.13,56.09
IR-C-C-11881,St. Xavier`s College,Calcutta,West Bengal,64.50,10,62.63,35.32,79.59,55.31,87.17
IR-C-C-11926,Ramakrishna Mission Vidyamandira,Howrah,West Bengal,64.35,11,81.04,13.99,92.26,17.29,50.41
IR-C-C-6429,Gargi College,Delhi,Delhi,64.11,12,77.54,9.94,87.16,70.14,28.04
IR-C-C-43965,Madras Christian College,Chennai,Tamil Nadu,63.98,13,73.79,33.19,64.73,57.11,75.88
IR-C-C-22462,Atma Ram Sanatan Dharm College,New Delhi,Delhi,63.55,14,78.20,29.19,77.30,69.58,16.06
IR-C-C-42814,Ramakrishna Mission Residential College,Kolkata,West Bengal,63.53,15,73.31,25.81,88.62,28.82,53.13
IR-C-C-6361,Deen Dayal Upadhyaya College,New Delhi,Delhi,62.66,16,77.20,37.75,66.25,66.83,28.83
IR-C-C-41124,PSG College of Arts and Science,Coimbatore,Tamil Nadu,62.42,17,61.75,39.44,74.99,52.46,77.99
IR-C-C-6385,Kirori Mal College,Delhi,Delhi,61.67,18,77.38,27.81,64.60,69.98,33.99
IR-C-C-6369,Sri Venkateswara College,Delhi,Delhi,61.28,19,74.16,31.67,69.41,64.52,30.75
IR-C-C-6432,Dyal Singh College,New Delhi,Delhi,60.77,20,78.17,25.65,71.39,63.04,14.98
IR-C-C-27608,Lady Irwin College,Delhi,Delhi,60.53,21,75.46,18.77,72.35,62.90,31.49
IR-C-C-41046,PSGR Krishnammal College for Women,Coimbatore,Tamil Nadu,59.77,22,62.37,27.11,80.72,59.52,46.23
IR-C-C-43671,University College,Thiruvananthapuram,Kerala,59.37,23,73.60,20.35,79.06,53.62,17.63
IR-C-C-6380,Acharya Narendra Dev College,New Delhi,Delhi,58.42,24,77.94,12.73,65.48,69.46,20.13
IR-C-C-6420,Jesus & Mary College,New Delhi,Delhi,58.37,25,67.03,0.49,91.03,63.90,23.38
IR-C-C-16178,P. D. Patel Institute of Applied Sciences,Changa,Gujarat,58.29,26,70.13,55.09,71.19,40.26,1.54
IR-C-I-1385,Fergusson College,Pune,Maharashtra,58.10,27,57.53,16.36,90.72,39.19,60.36
IR-C-C-6353,Sri Guru Tegh Bahadur Khalsa College,Delhi,Delhi,57.94,28,76.54,36.07,58.04,65.47,8.48
IR-C-C-43767,Mar Ivanios College,Thiruvananthapuram,Kerala,57.86,29,68.27,46.18,71.23,47.71,10.36
IR-C-C-41189,Scott Christian College,Nagercoil,Tamil Nadu,57.69,30,73.96,22.50,73.61,54.74,8.48
IR-C-C-6426,Shaheed Rajguru College of Applied Sciences for Women,Delhi,Delhi,57.57,31,73.55,18.94,70.68,72.68,3.75
IR-C-C-43946,Women`s Christian College,Chennai,Tamil Nadu,57.44,32,69.16,11.75,82.39,42.72,31.49
IR-C-C-41035,Government Arts College,Coimbatore,Tamil Nadu,57.19,33,76.18,35.78,54.15,44.46,33.64
IR-C-C-36513,Thiagarajar College,Madurai,Tamil Nadu,57.11,34,60.63,55.71,66.30,48.48,30.75
IR-C-C-11691,Rajagiri College of Social Sciences,Ernakulam,Kerala,55.38,35,75.56,1.35,77.28,51.93,4.46
IR-C-C-43902,Ethiraj College for Women,Chennai,Tamil Nadu,55.30,36,60.58,9.66,77.91,53.86,47.51
IR-C-C-6367,Daulat Ram College,Delhi,Delhi,55.29,37,63.11,5.27,87.45,49.32,24.70
IR-C-C-6391,Maitreyi College,New Delhi,Delhi,54.85,38,71.06,14.62,67.15,67.32,7.19
IR-C-C-35860,St. Joseph's College,Tiruchirappalli,Tamil Nadu,54.70,39,61.85,36.07,61.43,42.01,49.94
IR-C-N-6,Queen Mary`s College,Chennai,Tamil Nadu,54.65,40,65.19,18.79,83.95,30.03,17.63
IR-C-C-6357,Shyam Lal College,Delhi,Delhi,54.52,41,63.97,11.82,81.73,60.09,7.19
IR-C-C-35416,Rajiv Gandhi Institute of Information Technology and Biotechnology,Pune,Maharashtra,54.14,42,63.37,18.22,72.36,63.65,16.06
IR-C-C-6417,Kamala Nehru College,South,Delhi,54.00,43,70.19,1.64,78.53,52.55,7.84
IR-C-C-35825,Bishop Heber College,Tiruchirappalli,Tamil Nadu,53.89,44,55.09,43.21,59.60,49.61,55.06
IR-C-C-25376,Andhra Loyola College,Vijayawada,Andhra Pradesh,53.77,45,57.51,33.36,68.80,52.42,33.29
IR-C-C-6365,Indraprastha College for Women,Delhi,Delhi,53.19,46,65.10,0.42,71.35,70.05,22.48
IR-C-C-43705,Govt. College for Women,Thiruvananthapuram,Kerala,53.03,47,69.78,12.42,67.49,52.87,10.97
IR-C-C-6412,Maharaja Agrasen College,Delhi,Delhi,53.03,47,74.61,6.68,63.58,59.86,3.02
IR-C-C-6502,Kanchi Mamunivar Centre for Post Graduate Studies,Puducherry,Pondicherry,52.93,49,68.38,34.06,65.97,35.27,4.46
IR-C-C-11991,Bethune College,Kolkata,West Bengal,52.91,50,65.96,9.61,71.02,35.13,38.28
IR-C-C-36579,Ayya Nadar Janaki Ammal College,Sivakasi,Tamil Nadu,52.81,51,59.09,19.75,69.75,47.89,39.81
IR-C-C-41106,Kongunadu Arts & Science College,Coimbatore,Tamil Nadu,52.81,51,58.42,31.70,66.89,53.28,26.40
IR-C-C-41126,Sri Krishna Arts and Science College,Coimbatore,Tamil Nadu,52.73,53,57.24,4.75,86.50,59.60,15.53
IR-C-C-6366,Shivaji College,Delhi,Delhi,52.70,54,72.02,8.20,64.94,59.01,5.16
IR-C-C-8169,St. Thomas College,Thrissur,Kerala,52.70,54,66.92,9.61,72.68,55.35,7.84
IR-C-C-5855,St. Xavier's College,Ahmedabad,Gujarat,52.63,56,51.52,39.74,74.73,52.21,21.55
IR-C-C-11708,Sacred Heart College,Ernakulam,Kerala,52.62,57,69.40,16.08,68.78,47.33,5.16
IR-C-C-43931,Stella Maris College for Women,Chennai,Tamil Nadu,52.57,58,54.98,13.10,71.95,50.40,55.89
IR-C-C-35832,Jamal Mohamed College,Tiruchirappalli,Tamil Nadu,52.27,59,62.46,34.70,60.59,47.45,22.02
IR-C-I-1293,Sri Ramakrishna Mission Vidyalaya College of Arts and Science,Coimbatore,Tamil Nadu,52.27,59,60.57,69.22,59.46,9.37,18.65
IR-C-C-20830,St. Joseph`s College of Commerce,Bengaluru,Karnataka,52.26,61,60.97,0.00,78.14,61.66,21.55
IR-C-C-11831,S. B. College,Kottayam,Kerala,52.20,62,66.05,20.16,70.44,47.03,4.46
IR-C-C-36502,Virudhunagar Hindu Nadars Senthikumara Nadar College,Virudhunagar,Tamil Nadu,52.14,63,59.13,49.25,60.17,47.33,13.31
IR-C-C-11582,St. Teresa's College,Ernakulam,Kerala,51.94,64,68.56,4.37,70.66,52.94,9.12
IR-C-C-43964,Madras School of Social Work,Chennai,Tamil Nadu,51.80,65,65.30,0.34,75.71,53.07,13.87
IR-C-C-26356,Silver Jubilee Degree College,Kurnool,Andhra Pradesh,51.76,66,66.35,0.70,74.38,61.48,3.75
IR-C-C-41054,Dr. N. G. P. Arts and Science College,Coimbatore,Tamil Nadu,51.59,67,60.65,15.27,73.68,50.12,16.06
IR-C-C-43760,Mahatma Gandhi College,Thiruvananthapuram,Kerala,51.56,68,67.97,21.84,58.16,55.82,9.74
IR-C-C-43600,Govt. Arts College,Thiruvananthapuram,Kerala,51.50,69,72.74,1.52,65.54,52.05,5.84
IR-C-C-6411,Shaheed Sukhdev College of Business Studies,New Delhi,Delhi,51.33,70,59.30,3.79,82.79,57.56,5.84
IR-C-C-8023,Farook College,Kozhikode,Kerala,51.29,71,64.38,5.45,74.73,55.92,4.46
IR-C-C-29284,"Govt Home Science College, Sector-10",Chandigarh,Chandigarh,51.27,72,71.80,0.74,69.77,43.52,6.52
IR-C-C-41068,Vellalar College for Women,Erode,Tamil Nadu,51.27,72,61.79,4.55,73.40,52.42,22.93
IR-C-C-41173,St. Xavier`s College,Palayamkottai,Tamil Nadu,51.26,74,63.35,33.53,56.55,48.89,18.65
IR-C-C-6381,Keshav Mahavidyalya,Delhi,Delhi,51.24,75,71.22,12.22,58.95,57.27,4.46
IR-C-C-11986,Loreto College,Calcutta,West Bengal,51.19,76,52.68,0.00,82.88,52.43,41.58
IR-C-C-41157,V. O. Chidambaram College,Tuticorin,Tamil Nadu,51.12,77,71.05,22.71,54.68,53.24,3.02
IR-C-C-11733,Newman College,Idukki,Kerala,51.09,78,58.52,11.78,81.89,52.87,1.54
IR-C-C-36578,Lady Doak College,Madurai,Tamil Nadu,51.08,79,64.17,17.09,61.92,44.54,29.22
IR-C-C-43738,T. K. M. College of Arts and Science,Kollam,Kerala,51.04,80,54.58,34.85,73.40,51.84,4.46
IR-C-C-41184,Women's Christian College,Nagercoil,Tamil Nadu,51.02,81,68.96,10.65,64.73,51.44,5.16
IR-C-I-1323,St. Joseph`s College,Kozhikode,Kerala,50.94,82,67.91,8.61,69.93,42.32,7.84
IR-C-C-43649,Fatima Mata National College,Kollam,Kerala,50.68,83,59.66,34.07,63.07,54.92,4.46
IR-C-C-28526,Alagappa Government Arts College,Karaikudi,Tamil Nadu,50.41,84,58.85,29.95,62.29,37.67,30.37
IR-C-C-35787,Holy Cross College,Tiruchirappalli,Tamil Nadu,50.17,85,61.41,10.84,61.47,53.93,32.22
IR-C-C-41096,CMS College of Science and Commerce,Coimbatore,Tamil Nadu,50.13,86,61.35,7.09,71.84,59.15,6.52
IR-C-C-6413,Sri Guru Gobind Singh College of Commerce,Delhi,Delhi,50.10,87,59.22,2.31,80.07,56.66,3.75
IR-C-C-8213,Christ College,Thrissur,Kerala,49.98,88,62.43,9.18,66.32,49.40,21.08
IR-C-C-6402,Kalindi College,Delhi,Delhi,49.92,89,65.84,13.25,62.96,57.10,1.54
IR-C-C-43911,Anna Adarsh College for Women,Chennai,Tamil Nadu,49.90,90,59.49,2.71,77.15,51.34,12.73
IR-C-C-43975,Justice Basher Ahmed Sayeed College for Women,Chennai,Tamil Nadu,49.81,91,61.24,7.08,74.11,53.51,3.75
IR-C-C-11615,Mar Thoma College,Thiruvalla,Kerala,49.79,92,57.39,5.72,82.33,53.10,0.78
IR-C-C-43783,Nirmalagiri College,Kannur,Kerala,49.76,93,61.89,14.98,70.71,50.74,0.00
IR-C-C-36529,Fatima College,Madurai,Tamil Nadu,49.75,94,58.07,7.26,68.84,51.80,30.37
IR-C-C-25990,St. Francis College for Women,Hyderabad,Telangana,49.70,95,55.58,1.50,81.80,54.04,13.87
IR-C-C-33555,St. Xavier`s College,Mumbai,Maharashtra,49.34,96,51.79,9.31,64.98,56.16,53.57
IR-C-C-36575,Sri Meenakshi Government College for Women,Madurai,Tamil Nadu,49.25,97,63.13,3.35,67.48,57.79,8.48
IR-C-C-36425,Muthurangam Govt. Arts College,Vellore,Tamil Nadu,49.16,98,59.95,13.03,78.74,33.95,1.54
IR-C-I-1373,Goswami Ganesh Dutta Sanatan Dharma College,Chandigarh,Chandigarh,49.13,99,48.54,13.04,80.73,65.27,10.36
IR-C-C-6431,Ramanujan College,New Delhi,Delhi,49.03,100,58.93,0.04,75.65,60.24,5.16
