Institute Id,Institute Name,City,State,Score,Rank,TLR,RPC,GO,OI,Perception
IR-E-U-0456,Indian Institute of Technology Madras,Chennai,Tamil Nadu,89.05,1,93.55,92.39,84.36,63.99,100.00
IR-E-I-1074,Indian Institute of Technology Delhi,New Delhi,Delhi,85.36,2,85.80,96.18,80.32,56.19,90.85
IR-E-U-0306,Indian Institute of Technology Bombay,Mumbai,Maharashtra,84.40,3,89.12,95.30,76.47,48.17,89.61
IR-E-U-0573,Indian Institute of Technology Kharagpur,Kharagpur,West Bengal,79.41,4,73.14,88.20,84.12,57.79,84.14
IR-E-I-1075,Indian Institute of Technology Kanpur,Kanpur,Uttar Pradesh,77.57,5,79.07,81.79,82.56,46.61,81.35
IR-E-U-0560,Indian Institute of Technology Roorkee,Roorkee,Uttarakhand,74.57,6,75.05,75.90,89.84,58.65,54.61
IR-E-U-0053,Indian Institute of Technology Guwahati,Guwahati,Assam,70.87,7,82.55,63.60,78.45,58.86,54.49
IR-E-U-0013,Indian Institute of Technology Hyderabad,Hyderabad,Telangana,63.92,8,78.91,49.18,71.71,56.21,55.38
IR-E-U-0439,Anna University,Chennai,Tamil Nadu,63.12,9,63.17,64.13,63.24,52.66,70.13
IR-E-U-0467,National Institute of Technology Tiruchirappalli,Tiruchirappalli,Tamil Nadu,61.62,10,68.36,46.64,72.76,62.20,63.54
IR-E-U-0701,Indian Institute of Technology (Banaras Hindu University) Varanasi,Varanasi,Uttar Pradesh,59.80,11,68.61,45.63,77.36,53.16,47.42
IR-E-U-0308,Institute of Chemical Technology,Mumbai,Maharashtra,59.73,12,67.76,57.30,76.32,49.68,19.77
IR-E-U-0273,Indian Institute of Technology Indore,Indore,Madhya Pradesh,59.35,13,75.66,49.17,70.18,57.30,21.29
IR-E-U-0575,Jadavpur University,Kolkata,West Bengal,59.09,14,53.40,65.71,74.79,37.83,46.20
IR-E-U-0205,Indian Institute of Technology (Indian School of Mines) Dhanbad,Dhanbad,Jharkhand,58.18,15,63.62,59.12,70.03,38.12,35.31
IR-E-U-0357,National Institute of Technology Rourkela,Rourkela,Odisha,57.75,16,59.99,56.05,75.71,46.34,31.60
IR-E-U-0355,Indian Institute of Technology Bhubaneswar,Bhubaneswar,Odisha,56.80,17,77.50,37.78,65.03,57.30,34.78
IR-E-U-0490,Vellore Institute of Technology,Vellore,Tamil Nadu,56.46,18,54.65,57.34,63.57,56.69,44.81
IR-E-U-0584,Indian Institute of Engineering Science and Technology,Shibpur,West Bengal,56.35,19,73.65,45.77,59.79,47.23,38.39
IR-E-U-0184,Indian Institute of Technology Mandi,Mandi,Himachal Pradesh,56.00,20,78.61,34.57,68.06,65.65,18.72
IR-E-U-0237,National Institute of Technology Karnataka,Surathkal,Karnataka,55.25,21,59.48,41.31,75.46,50.40,48.85
IR-E-U-0064,Indian Institute of Technology Patna,Patna,Bihar,54.86,22,75.13,39.08,65.02,50.48,25.54
IR-E-I-1480,Thapar Institute of Engineering and Technology (Deemed-to-be-university),Patiala,Punjab,54.73,23,69.51,44.96,67.28,55.65,13.66
IR-E-U-0139,Indian Institute of Technology Gandhinagar,Gandhinagar,Gujarat,54.32,24,80.59,31.01,56.26,61.34,34.59
IR-E-U-0391,Birla Institute of Technology & Science,Pilani,Rajasthan,53.82,25,63.61,35.15,71.40,54.50,44.67
IR-E-U-0025,National Institute of Technology Warangal,Warangal,Telangana,53.21,26,68.19,31.77,72.50,54.98,32.17
IR-E-U-0108,Jamia Millia Islamia,New Delhi,Delhi,53.13,27,64.25,42.18,75.11,50.90,10.88
IR-E-U-0263,National Institute of Technology Calicut,Kozhikode,Kerala,52.69,28,63.47,28.22,77.01,61.09,36.71
IR-E-U-0378,Indian Institute of Technology Ropar,Rupnagar,Punjab,52.37,29,76.84,29.22,64.57,60.10,16.27
IR-E-U-0255,Indian Institute of Space Science and Technology,Thiruvananthapuram,Kerala,52.12,30,77.52,22.75,61.95,56.20,40.33
IR-E-U-0334,Visvesvaraya National Institute of Technology,Nagpur,Maharashtra,51.27,31,64.81,40.49,65.09,57.66,8.92
IR-E-U-0363,Siksha `O` Anusandhan,Bhubaneswar,Odisha,50.39,32,71.35,26.31,66.43,60.53,17.65
IR-E-U-0202,Birla Institute of Technology,Ranchi,Jharkhand,50.10,33,66.84,35.80,57.78,52.00,25.54
IR-E-U-0098,Delhi Technological University,New Delhi,Delhi,49.97,34,60.27,28.07,72.07,53.38,37.22
IR-E-U-0497,Amity University,Gautam Budh Nagar,Uttar Pradesh,49.03,35,69.51,41.27,48.29,56.32,5.07
IR-E-U-0473,SRM Institute of Science and Technology,Chennai,Tamil Nadu,48.95,36,59.85,33.40,63.04,62.18,21.53
IR-E-C-16604,Sri Sivasubramaniya Nadar College of Engineering,Kancheepuram,Tamil Nadu,48.94,37,69.13,28.51,63.63,52.66,16.55
IR-E-U-0476,Shanmugha Arts Science Technology & Research Academy,Thanjavur,Tamil Nadu,48.83,38,65.79,31.04,64.66,56.42,12.14
IR-E-U-0014,International Institute of Information Technology Hyderabad,Hyderabad,Telangana,48.73,39,53.08,34.19,73.40,52.49,26.21
IR-E-U-0496,Aligarh Muslim University,Aligarh,Uttar Pradesh,47.74,40,69.39,39.46,53.28,32.10,12.14
IR-E-U-0172,National Institute of Technology Kurukshetra,Kurukshetra,Haryana,47.58,41,61.36,36.64,58.47,51.21,13.66
IR-E-U-0530,Motilal Nehru National Institute of Technology,Allahabad,Uttar Pradesh,47.49,42,63.13,28.38,65.55,49.49,19.77
IR-E-C-7252,Manipal Institute of Technology,Manipal,Karnataka,47.31,43,68.43,20.68,53.91,62.59,35.31
IR-E-C-37013,PSG College of Technology,Coimbatore,Tamil Nadu,47.28,44,68.97,17.40,53.37,48.73,58.35
IR-E-U-0017,Jawaharlal Nehru Technological University,Hyderabad,Telangana,47.13,45,71.20,28.65,55.01,49.64,12.14
IR-E-U-0577,National Institute of Technology Durgapur,Durgapur,West Bengal,46.47,46,52.84,36.16,63.30,46.54,24.63
IR-E-U-0474,Sathyabama Institute of Science and Technology,Chennai,Tamil Nadu,46.07,47,61.42,28.29,62.26,61.93,5.07
IR-E-U-0356,Kalinga Institute of Industrial Technology,Bhubaneswar,Odisha,45.94,48,65.59,19.17,61.60,68.50,13.36
IR-E-C-41593,College of Engineering,Pune,Maharashtra,45.89,49,58.17,26.17,64.17,51.79,25.77
IR-E-U-0395,Indian Institute of Technology Jodhpur,Jodhpur,Rajasthan,45.75,50,67.68,23.44,57.02,63.26,6.86
IR-E-U-0055,National Institute of Technology Silchar,Silchar,Assam,45.61,51,61.31,29.86,61.71,47.42,11.83
IR-E-U-0020,Koneru Lakshmaiah Education Foundation University (K L College of Engineering),Vaddeswaram,Andhra Pradesh,45.38,52,70.88,21.80,58.27,56.06,3.19
IR-E-U-0410,Malviya National Institute of Technology,Jaipur,Rajasthan,45.20,53,55.73,38.20,58.34,46.63,6.86
IR-E-U-0078,Panjab University,Chandigarh,Chandigarh,43.59,54,41.83,50.63,51.81,44.72,10.24
IR-E-U-0105,Indraprastha Institute of Information Technology,New Delhi,Delhi,43.49,55,56.55,24.08,69.36,41.49,12.76
IR-E-C-26794,Thiagarajar College of Engineering,Madurai,Tamil Nadu,43.38,56,61.68,18.98,56.74,49.23,29.20
IR-E-U-0297,Defence Institute of Advanced Technology,Pune,Maharashtra,43.29,57,66.68,32.43,41.05,47.69,5.80
IR-E-U-0149,Sardar Vallabhbhai National Institute of Technology,Surat,Gujarat,41.88,58,51.01,27.60,60.91,51.30,9.92
IR-E-C-24004,College of Engineering Visakhapatnam,Visakhapatnam,Andhra Pradesh,41.72,59,65.78,7.41,67.66,55.88,6.51
IR-E-U-0189,National Institute of Technology Hamirpur,Hamirpur,Himachal Pradesh,41.48,60,54.71,23.00,60.48,52.12,8.59
IR-E-U-0458,Kalasalingam Academy of Research and Higher Education,Srivilliputtur,Tamil Nadu,41.26,61,67.60,14.08,53.96,55.70,3.95
IR-E-U-0284,Maulana Azad National Institute of Technology,Bhopal,Madhya Pradesh,40.98,62,53.27,24.05,66.59,40.74,3.95
IR-E-C-1269,R. V. College of Engineering,Bengaluru,Karnataka,40.88,63,63.58,10.81,60.99,50.62,13.06
IR-E-C-1331,M. S. Ramaiah Institute of Technology,Bengaluru,Karnataka,40.54,64,62.87,8.61,60.49,56.32,13.66
IR-E-U-0221,International Institute of Information Technology Bangalore,Bengaluru,Karnataka,40.51,65,54.81,14.26,61.96,55.76,18.19
IR-E-S-8931,National Institute of Industrial Engineering,Mumbai,Maharashtra,40.48,66,64.80,4.46,67.54,57.18,4.70
IR-E-U-0619,National Institute of Technology Meghalaya,Shillong,Meghalaya,40.32,67,65.85,18.20,44.33,58.13,4.33
IR-E-C-36969,Coimbatore Institute of Technology,Coimbatore,Tamil Nadu,40.10,68,63.46,9.75,50.95,46.48,32.94
IR-E-C-1262,B. M. S. College of Engineering,Bengaluru,Karnataka,39.67,69,62.00,8.01,58.99,53.02,15.71
IR-E-U-0493,National Institute of Technology Agartala,Agratala,Tripura,39.53,70,58.62,20.58,49.02,52.46,7.22
IR-E-C-43708,College of Engineering,Thiruvananthapuram,Kerala,39.42,71,59.95,8.90,60.96,49.40,16.27
IR-E-U-0460,Karunya Institute of Technology and Sciences,Coimbatore,Tamil Nadu,39.37,72,55.46,18.11,49.40,55.47,18.72
IR-E-U-0099,Guru Gobind Singh Indraprastha University,New Delhi,Delhi,39.21,73,49.91,30.60,50.20,46.25,3.95
IR-E-U-0092,National Institute of Technology Raipur,Raipur,Chhattisgarh,39.09,74,56.46,20.11,54.48,49.40,2.81
IR-E-U-0286,"Pandit Dwarka Prasad Mishra Indian Institute of Information Technology, Design and Manufacturing (IIITDM) Jabalpur",Jabalpur,Madhya Pradesh,38.94,75,44.76,28.02,60.95,45.90,3.19
IR-E-C-6581,Pondicherry Engineering College,Puducherry,Pondicherry,38.56,76,59.92,18.37,46.02,44.74,13.96
IR-E-C-36926,Kumaraguru College of Technology,Coimbatore,Tamil Nadu,38.55,77,61.09,8.59,57.40,45.64,15.99
IR-E-U-0080,PEC University of Technology,Chandigarh,Chandigarh,38.42,78,49.83,12.62,61.98,56.49,16.27
IR-E-C-1297,Siddaganga Institute of Technology,Tumkur,Karnataka,37.98,79,60.40,11.37,56.07,50.84,1.63
IR-E-U-0522,Jaypee Institute of Information Technology,Noida,Uttar Pradesh,37.87,80,47.52,18.18,56.00,53.57,15.99
IR-E-U-0267,Atal Bihari Vajpayee Indian Institute of Information Technology and Management,Gwalior,Madhya Pradesh,37.82,81,46.90,20.12,58.51,56.86,3.19
IR-E-U-0516,Indian Institute of Information Technology Allahabad,Allahabad,Uttar Pradesh,37.74,82,42.66,16.38,68.86,45.45,17.10
IR-E-C-27616,University College of Engineering,Hyderabad,Telangana,37.68,83,60.92,3.78,65.43,50.24,1.63
IR-E-U-0507,Dayalbagh Educational Institute,Agra,Uttar Pradesh,37.59,84,60.92,6.98,53.07,51.80,14.26
IR-E-U-0201,Shri Mata Vaishno Devi University,Katra,Jammu and Kashmir,37.32,85,64.84,15.99,45.80,37.52,1.63
IR-E-U-0489,Vel Tech Rangarajan Dr. Sagunthala R & D Institute of Science and Technology,Chennai,Tamil Nadu,37.22,86,53.49,25.53,37.45,57.83,2.41
IR-E-U-0620,National Institute of Technology Goa,Ponda,Goa,37.06,87,59.23,12.79,50.17,48.37,5.80
IR-E-C-27058,Mepco Schlenk Engineering College,Sivakasi,Tamil Nadu,36.92,88,51.38,16.75,51.01,48.21,14.55
IR-E-U-0037,Sri Venkateswara University,Tirupati,Andhra Pradesh,36.66,89,47.38,29.90,43.20,45.19,3.19
IR-E-C-36975,Government College of Technology,Coimbatore,Tamil Nadu,36.42,90,52.33,8.30,51.77,51.89,26.87
IR-E-C-42054,Army Institute of Technology,Pune,Maharashtra,36.39,91,53.18,2.46,64.86,58.40,8.92
IR-E-U-0130,Dhirubhai Ambani Institute of Information and Communication Technology,Gandhinagar,Gujarat,36.39,91,48.98,10.06,64.90,46.80,10.24
IR-E-C-41309,Bharati Vidyapeeth Deemed University College of Engineering,Pune,Maharashtra,36.14,93,53.31,3.61,59.38,66.10,5.80
IR-E-C-30045,C. V. Raman College of Engineering,Bhubaneswar,Odisha,36.12,94,54.56,4.24,60.80,53.58,9.59
IR-E-U-0454,Hindustan Institute of Technology and Science,Chennai,Tamil Nadu,36.11,95,59.96,8.47,47.83,53.23,6.86
IR-E-U-0382,Punjab Technical University,Kapurthala,Punjab,35.99,96,76.47,24.94,5.46,42.83,2.02
IR-E-C-36995,Sri Krishna College of Engineering and Technology,Coimbatore,Tamil Nadu,35.97,97,57.92,2.29,63.51,46.64,5.44
IR-E-C-36984,Bannari Amman Institute of Technology,Sathyamangalam,Tamil Nadu,35.90,98,56.28,6.59,53.94,44.92,17.65
IR-E-C-37065,Kongu Engineering College,Perundurai,Tamil Nadu,35.89,99,58.18,8.21,48.37,45.70,17.38
IR-E-C-25622,Chaitanya Bharathi Institute of Technology,Hyderabad,Telangana,35.86,100,61.07,2.16,56.80,51.01,4.33
IR-E-C-37028,Sona College of Technology,Salem,Tamil Nadu,35.79,101,61.49,6.57,50.52,48.69,3.95
IR-E-C-6192,Institute of Engineering & Management,Kolkata,West Bengal,35.79,101,51.11,10.95,55.18,58.60,2.81
IR-E-C-18154,University College of Engineering,Kakinada,Andhra Pradesh,35.75,103,55.08,4.20,61.68,55.55,0.82
IR-E-U-0555,Graphic Era University,Dehradun,Uttarakhand,35.69,104,59.87,14.68,39.21,54.45,0.41
IR-E-C-33641,Veermata Jijabai Technological Institute,Mumbai,Maharashtra,35.64,105,46.15,10.65,68.05,40.99,8.92
IR-E-C-1371,New Horizon College of Engineering,Bengaluru,Karnataka,35.50,106,56.30,1.71,61.75,56.68,0.82
IR-E-U-0043,"Vignan`s Foundation for Science, Technology and Research",Guntur,Andhra Pradesh,35.48,107,62.20,5.55,46.65,56.55,1.63
IR-E-U-0487,Tamil Nadu Veterinary & Animal Sciences University,Chennai,Tamil Nadu,35.32,108,66.45,4.16,48.45,43.71,0.82
IR-E-C-19667,Vallurupalli Nageswara Rao Vignana Jyothi Institute of Engineering and Technology,Hyderabad,Telangana,35.28,109,62.34,4.63,50.49,50.07,0.82
IR-E-N-10,SVKM`s Narsee Monjee Institute of Management Studies,Mumbai,Maharashtra,35.26,110,57.24,6.48,51.37,57.48,1.22
IR-E-C-18817,G. H. Raisoni College of Engineering,Nagpur,Maharashtra,35.19,111,52.08,8.99,59.86,48.22,0.82
IR-E-C-18886,Shri Ramdeobaba College of Engineering and Management,Nagpur,Maharashtra,35.02,112,61.36,2.75,54.70,48.52,0.00
IR-E-U-0374,Dr. B. R. Ambedkar National Institute of Technology,Jalandhar,Punjab,35.01,113,45.07,18.89,58.63,35.09,5.80
IR-E-C-33773,Bharatiya Vidya Bhavan`s Sardar Patel Institute of Technology,Mumbai,Maharashtra,34.79,114,51.68,6.16,62.73,47.19,1.63
IR-E-U-0223,Jain university,Bengluru,Karnataka,34.76,115,47.38,18.64,46.00,56.74,0.82
IR-E-C-9462,"School of Engineering, Cochin University of Science and Technology",Cochin,Kerala,34.49,116,49.45,23.58,37.28,44.71,6.51
IR-E-U-0747,Chandigarh University,Mohali,Punjab,34.48,117,50.42,3.17,56.81,68.46,2.02
IR-E-S-8898,"National Institute of Food Technology, Enterprenurship & Management",Sonipat,Haryana,34.48,117,51.70,2.52,59.41,62.94,0.41
IR-E-U-0163,The Northcap University,Gurgaon,Haryana,34.48,117,54.21,13.50,46.11,49.48,0.00
IR-E-C-1412,Sri Jayachamarajendra College of Engineering,Mysore,Karnataka,34.43,120,56.21,2.45,55.88,52.19,4.33
IR-E-U-0186,Jaypee University of Information Technology,Solan,Himachal Pradesh,34.42,121,43.49,16.46,47.36,47.63,22.03
IR-E-U-0332,The Rashtrasant Tukadoji Maharaj Nagpur University,Nagpur,Maharashtra,34.37,122,44.22,25.78,45.60,42.47,0.00
IR-E-C-16547,Sri Sairam Engineering College,Kancheepuram,Tamil Nadu,34.32,123,54.76,3.28,56.40,52.34,3.95
IR-E-C-16590,Saveetha Engineering College,Sriperumbudur,Tamil Nadu,34.14,124,55.68,2.99,55.82,53.45,0.41
IR-E-U-0379,Lovely Professional University,Phagwara,Punjab,34.09,125,53.11,10.08,44.66,61.73,0.41
IR-E-U-0367,Veer Surendra Sai University of Technology,Burla,Odisha,34.08,126,48.93,15.65,48.38,45.98,4.33
IR-E-C-1413,Dayananda Sagar College of Engineering,Bengaluru,Karnataka,33.99,127,51.05,4.34,57.87,55.33,2.81
IR-E-C-1400,N. M. A. M. Institute of Technology,Nitte,Karnataka,33.84,128,55.92,3.66,49.16,51.38,9.92
IR-E-C-16537,St. Josephs College of Engineering,Kancheepuram,Tamil Nadu,33.84,128,57.62,5.38,54.55,40.28,0.00
IR-E-U-0207,National Institute of Technology Jamshedpur,Jamshedpur,Jharkhand,33.80,130,49.66,9.48,61.14,28.02,10.24
IR-E-U-0445,B. S. Abdur Rahman Crescent Institute of Science and Technology,Chennai,Tamil Nadu,33.70,131,58.98,7.73,43.23,45.28,5.07
IR-E-C-19607,CVR College of Engineering,Ibrahimpatan,Telangana,33.65,132,56.59,0.62,56.32,51.43,0.82
IR-E-U-0384,Sant Longowal Institute of Engineering & Technology,Longowal,Punjab,33.63,133,58.54,17.37,27.76,52.68,0.41
IR-E-U-0072,National Institute of Technology Patna,Patna,Bihar,33.58,134,51.95,10.72,49.46,39.90,8.92
IR-E-C-18254,Yeshwantrao Chavan College of Engineering,Nagpur,Maharashtra,33.58,134,56.43,9.61,43.84,50.01,0.00
IR-E-U-0146,Nirma University,Ahmedabad,Gujarat,33.46,136,51.30,10.00,50.12,44.72,5.80
IR-E-U-0143,Maharaja Sayajirao University of Baroda,Vadodara,Gujarat,33.45,137,50.12,13.13,49.53,40.58,5.07
IR-E-C-37089,Sri Ramakrishna Engineering College,Coimbatore,Tamil Nadu,33.36,138,57.10,4.19,48.73,47.13,5.07
IR-E-C-19706,Institute of Aeronautical Engineering,Hyderabad,Telangana,33.24,139,53.43,2.98,53.67,53.39,2.41
IR-E-C-16626,Rajalakshmi Engineering College,Chennai,Tamil Nadu,33.24,139,52.81,4.21,54.51,51.21,1.22
IR-E-U-0554,G. B. Pant Universtiy of Agriculture and Technology,Pantnagar,Uttarakhand,32.87,141,50.90,13.11,45.14,42.36,3.95
IR-E-C-1352,NITTE Meenakshi Institute of Technology,Bengaluru,Karnataka,32.82,142,53.89,3.60,48.33,53.87,5.07
IR-E-C-16572,Sri Venkateswara College of Engineering,Kancheepuram,Tamil Nadu,32.71,143,58.29,4.32,49.22,37.96,2.81
IR-E-U-0175,YMCA University of Science & Tech,Faridabad,Haryana,32.47,144,53.50,3.87,53.18,42.16,3.95
IR-E-U-0564,University of Petroleum and Energy Studies,Dehradun,Uttarakhand,32.46,145,44.98,10.08,52.18,52.30,2.81
IR-E-C-37064,Sri Krishna College of Technology,Coimbatore,Tamil Nadu,32.46,145,53.36,1.01,56.19,46.26,2.81
IR-E-C-48145,BVRIT Hyderabad,Hyderabad,Telangana,32.36,147,52.34,0.46,54.81,53.61,2.02
IR-E-U-0613,National Institute of Technology Manipur,Manipur,Manipur,32.31,148,55.99,4.59,43.66,51.55,2.41
IR-E-U-0733,PES University,Bengaluru,Karnataka,32.28,149,53.60,11.85,32.32,52.46,9.26
IR-E-C-6202,Heritage Institute of Technology,Kolkata,West Bengal,32.26,150,49.97,4.92,51.58,51.91,2.81
IR-E-C-26783,PSNA College of Engineering and Technology,Dindigul,Tamil Nadu,32.26,150,53.46,3.77,51.11,47.47,1.22
IR-E-C-19650,Vardhaman College of Engineering,Rangareddy,Telangana,32.21,152,53.89,2.85,51.95,47.85,0.00
IR-E-C-11015,Walchand College of Engineering,Sangli,Maharashtra,32.20,153,50.09,4.24,55.50,42.62,5.44
IR-E-U-0938,Dr. Vishwanath Karad MIT World Peace University,Pune,Maharashtra,32.11,154,56.37,3.77,47.71,44.13,1.22
IR-E-C-41351,Bansilal Ramnath Agarwal Charitable Trust`s Vishwakarama Institute of Technology,Pune,Maharashtra,32.10,155,49.25,3.99,57.70,43.39,2.41
IR-E-C-1398,BNM Institute of Technology,Bengaluru,Karnataka,32.08,156,56.63,0.91,47.99,51.04,1.22
IR-E-C-16614,R. M. K. Engineering College,Thiruvallur,Tamil Nadu,32.07,157,50.02,3.22,53.98,51.25,1.63
IR-E-C-1336,BMS Institute of Technology & Management,Bengaluru,Karnataka,32.07,157,48.31,2.52,54.21,54.49,5.44
IR-E-U-0854,KLE Technological University,Dharwad,Karnataka,32.05,159,52.49,4.07,50.03,47.89,2.81
IR-E-C-6257,Narula Institute of Technology,Kolkata,West Bengal,32.01,160,54.10,1.58,46.37,59.95,0.41
IR-E-C-1345,P E S College of Engineering,Mandya,Karnataka,31.98,161,58.74,0.83,48.07,43.41,1.63
IR-E-U-0685,Indira Gandhi Delhi Technical University for Women,Delhi,Delhi,31.93,162,39.18,6.28,62.08,53.74,5.07
IR-E-C-1291,Dr. Ambedkar Institute of Technology,Bengaluru,Karnataka,31.91,163,48.42,1.55,59.90,46.54,2.81
IR-E-U-0169,Manav Rachna International Institute of Research & Studies,Faridabad,Haryana,31.90,164,58.87,3.76,39.89,50.45,0.82
IR-E-U-0592,Maulana Abul Kalam Azad University of Technology,Nadia,West Bengal,31.87,165,38.35,16.86,56.34,39.93,0.41
IR-E-C-27089,National Engineering College,Kovilpatti,Tamil Nadu,31.85,166,53.82,6.14,43.59,48.16,3.19
IR-E-C-26929,Sree Vidyanikethan Engineering College,A.Rangampet,Andhra Pradesh,31.70,167,55.35,0.69,49.81,48.01,1.22
IR-E-C-19569,Padmasri Dr. B.V. Raju Institute of Technology,Medak,Telangana,31.59,168,55.09,0.81,48.80,50.56,0.00
IR-E-C-19747,Anurag Group of Institutions,Hyderabad,Telangana,31.58,169,53.15,0.88,52.64,48.14,0.41
IR-E-C-26162,Vasavi College of Engineering,Hyderabad,Telangana,31.56,170,50.53,0.70,57.17,47.64,0.00
IR-E-C-18010,Velagapudi Ramakrishna Siddhartha Engineering College,Vijayawada,Andhra Pradesh,31.53,171,52.92,4.57,46.21,48.45,2.02
IR-E-C-34167,Ramrao Adik Institute of Technology,Navi Mumbai,Maharashtra,31.45,172,51.93,2.23,50.52,50.99,0.00
IR-E-U-0046,North Eastern Regional Institute of Science & Technology,Itanagar,Arunachal Pradesh,31.40,173,63.39,8.19,27.52,39.13,5.07
IR-E-C-1406,C M R Institute of Technology,Bengaluru,Karnataka,31.36,174,52.63,1.44,48.24,52.06,2.81
IR-E-C-6238,Haldia Institute of Technology,Haldia,West Bengal,31.36,174,47.03,6.55,48.02,54.42,2.41
IR-E-C-16504,Sri Venkateswara College of Engineering and Technology,Chittoor,Andhra Pradesh,31.30,176,54.96,0.39,51.84,42.80,0.41
IR-E-C-26905,G. Pulla Reddy Engineering College,Kurnool,Andhra Pradesh,31.26,177,54.19,0.60,47.37,52.32,1.22
IR-E-C-1438,The National Institute of Engineering,Mysore,Karnataka,31.25,178,48.68,2.59,51.89,50.16,4.70
IR-E-C-19534,Goka Raju Ranga Raju Institute of Engineering & Technology,Hyderabad,Telangana,31.19,179,50.85,1.98,51.50,49.28,1.22
IR-E-C-34112,Sardar Patel College of Engineering,Mumbai,Maharashtra,31.14,180,47.03,1.80,61.53,39.00,2.81
IR-E-C-27400,Kakatiya Institute of Technology & Science,Warangal,Telangana,31.14,180,55.87,0.98,44.60,49.69,2.02
IR-E-C-33584,K. J. Somaiya College of Engineering,Mumbai,Maharashtra,31.07,182,49.28,1.45,58.56,40.60,0.82
IR-E-C-17962,Shri Vishnu Engineering College for Women,Bhimavaram,Andhra Pradesh,31.00,183,50.42,0.47,52.23,51.65,1.22
IR-E-C-37050,Dr. Mahalingam College of Engineering and Technology,Pollachi,Tamil Nadu,30.91,184,52.77,2.03,47.52,45.02,4.70
IR-E-C-26928,JNTUA College of Engineering,Anantapur,Andhra Pradesh,30.88,185,50.84,2.32,54.07,37.56,3.58
IR-E-U-0213,Alliance University,Bengaluru,Karnataka,30.79,186,40.58,1.26,61.61,57.60,1.63
IR-E-I-1441,Saveetha Institute of Medical and Technical Sciences,Chennai,Tamil Nadu,30.79,186,44.27,13.03,35.55,64.09,0.82
IR-E-C-42242,Maharshi Karve Stree Shikshan Samstha`s Cummins College of Engineering for Women,Pune,Maharashtra,30.75,188,50.06,0.98,51.37,48.91,2.81
IR-E-C-24163,Sagi Ramakrishnam Raju Engineering College,Bhimavaram,Andhra Pradesh,30.61,189,53.78,0.73,54.27,32.50,1.63
IR-E-C-16490,Vel Tech Multi Tech Dr. Rangarajan Dr. Sakunthala Engineering College,Morai,Tamil Nadu,30.61,189,45.97,5.25,52.77,45.74,1.22
IR-E-C-1360,Basaveshwar Engineering College,Bagalkot,Karnataka,30.58,191,51.15,1.27,50.90,44.82,2.02
IR-E-C-49660,Pimpri Chinchwad College of Engineering,Pune,Maharashtra,30.52,192,49.29,3.63,48.90,48.56,0.00
IR-E-C-33525,Thakur College of Engineering & Technology,Mumbai,Maharashtra,30.51,193,50.20,0.80,55.08,41.94,0.00
IR-E-C-16476,Sri Sai Ram Institute of Technology,Chennai,Tamil Nadu,30.48,194,47.09,2.18,54.50,46.82,1.22
IR-E-C-33777,Shri Vile Parle Kelavani Mandal`s  Dwarkadas J. Sanghvi College of Engineering,Mumbai Suburban,Maharashtra,30.47,195,44.85,2.32,59.63,42.75,1.22
IR-E-U-0461,M. G. R. Educational and Research Institute,Chennai,Tamil Nadu,30.45,196,48.24,7.69,44.98,45.14,1.63
IR-E-U-0455,"Indian Institute of Information Technology, Design & Manufacturing",Chennai,Tamil Nadu,30.37,197,36.01,5.71,51.45,54.74,21.04
IR-E-C-6528,Dr. B. R. Ambedkar Institute of Technology,South Andaman,Andaman and Nicobar Islands,30.35,198,63.62,0.17,36.00,35.76,4.33
IR-E-C-17913,Gayatri Vidya Parishad College of Engineering,Visakhapatnam,Andhra Pradesh,30.35,198,52.14,1.26,46.87,47.57,2.02
IR-E-C-16560,Easwari Engineering College,Chennai,Tamil Nadu,30.31,200,48.15,2.90,50.17,47.64,2.02
