Institute Id,Institute Name,City,State,Score,Rank,TLR,RPC,GO,OI,Perception
IR-O-U-0220,Indian Institute of Science,Bengaluru,Karnataka,82.28,1,83.16,89.24,78.57,48.47,100.00
IR-O-U-0109,Jawaharlal Nehru University,New Delhi,Delhi,68.68,2,76.75,41.85,99.87,75.87,55.27
IR-O-U-0500,Banaras Hindu University,Varanasi,Uttar Pradesh,64.55,3,69.72,46.48,96.37,57.01,47.28
IR-O-U-0042,University of Hyderabad,Hyderabad,Telangana,61.85,4,74.81,43.78,83.64,58.77,36.71
IR-O-U-0570,Calcutta University,Kolkata,West Bengal,60.87,5,62.26,47.10,91.54,60.14,37.39
IR-O-U-0575,Jadavpur University,Kolkata,West Bengal,60.53,6,54.40,54.89,90.28,44.95,51.83
IR-O-U-0439,Anna University,Chennai,Tamil Nadu,60.35,7,56.39,54.10,78.07,53.16,62.72
IR-O-U-0436,Amrita Vishwa Vidyapeetham,Coimbatore,Tamil Nadu,59.22,8,73.03,43.77,70.28,70.23,31.01
IR-O-U-0234,Manipal Academy of Higher Education,Manipal,Karnataka,58.50,9,77.91,38.31,69.71,66.78,30.21
IR-O-U-0323,Savitribai Phule Pune University,Pune,Maharashtra,58.40,10,69.26,44.42,86.04,54.34,16.55
IR-O-U-0496,Aligarh Muslim University,Aligarh,Uttar Pradesh,58.36,11,76.69,35.38,85.67,57.56,18.46
IR-O-U-0108,Jamia Millia Islamia,New Delhi,Delhi,58.07,12,73.74,32.04,88.53,71.97,14.26
IR-O-U-0120,University of Delhi,Delhi,Delhi,57.59,13,47.87,53.79,87.18,55.40,41.11
IR-O-U-0447,Bharathiar University,Coimbatore,Tamil Nadu,57.23,14,66.93,45.04,76.53,52.11,31.20
IR-O-U-0308,Institute of Chemical Technology,Mumbai,Maharashtra,52.62,15,54.67,48.40,72.61,51.49,20.28
IR-O-U-0006,Andhra University,Visakhapatnam,Andhra Pradesh,52.11,16,69.36,23.16,86.61,55.73,14.55
IR-O-U-0304,Homi Bhabha National Institute,Mumbai,Maharashtra,51.95,17,83.26,25.24,71.18,47.29,4.33
IR-O-U-0107,Jamia Hamdard,New Delhi,Delhi,51.73,18,69.64,29.92,74.12,63.52,6.86
IR-O-U-0490,Vellore Institute of Technology,Vellore,Tamil Nadu,51.44,19,48.70,47.63,66.55,57.02,35.31
IR-O-I-1357,University of Madras,Chennai,Tamil Nadu,51.34,20,64.29,33.28,68.26,54.18,30.01
IR-O-U-0078,Panjab University,Chandigarh,Chandigarh,51.25,21,51.02,44.82,72.50,52.89,27.09
IR-O-U-0260,Kerala University,Thiruvananthapuram,Kerala,51.21,22,74.80,18.84,85.70,51.20,8.59
IR-O-U-0391,Birla Institute of Technology & Science,Pilani,Rajasthan,50.53,23,56.68,34.14,73.06,52.26,34.41
IR-O-U-0363,Siksha `O` Anusandhan,Bhubaneswar,Odisha,50.31,24,72.96,21.17,69.84,61.04,20.02
IR-O-U-0523,King George`s Medical University,Lucknow,Uttar Pradesh,49.91,25,79.82,25.85,61.38,53.38,5.80
IR-O-U-0027,Osmania University,Hyderabad,Telangana,49.86,26,58.20,24.95,92.09,55.68,9.26
IR-O-I-1480,Thapar Institute of Engineering and Technology (Deemed-to-be-university),Patiala,Punjab,49.27,27,62.13,36.30,65.31,56.58,10.24
IR-O-U-0435,Alagappa University,Karaikudi,Tamil Nadu,48.54,28,66.72,22.18,71.17,49.75,26.65
IR-O-U-0056,Tezpur University,Tezpur,Assam,48.47,29,66.92,30.10,63.47,50.99,15.71
IR-O-U-0262,Mahatma Gandhi University,Kottayam,Kerala,48.08,30,66.49,26.97,72.39,51.98,3.58
IR-O-U-0356,Kalinga Institute of Industrial Technology,Bhubaneswar,Odisha,47.97,31,66.01,18.10,71.70,69.38,14.55
IR-O-U-0473,SRM Institute of Science and Technology,Chennai,Tamil Nadu,47.80,32,56.67,26.51,78.07,58.09,14.26
IR-O-I-1486,Sri Ramachandra Institute of Higher Education and Research,Chennai,Tamil Nadu,47.34,33,73.84,16.57,70.49,55.04,6.15
IR-O-U-0222,JSS Academy of Higher Education and Research,Mysore,Karnataka,46.97,34,70.32,15.74,65.48,70.26,10.24
IR-O-U-0331,Tata Institute of Social Sciences,Mumbai,Maharashtra,46.82,35,65.17,9.97,79.76,71.16,12.14
IR-O-U-0446,Bharath Institute of Higher Education & Research,Chennai,Tamil Nadu,46.32,36,68.09,17.76,64.96,72.53,3.19
IR-O-U-0589,Visva Bharati,Santiniketan,West Bengal,46.27,37,60.65,26.07,74.79,41.39,11.52
IR-O-U-0554,G. B. Pant Universtiy of Agriculture and Technology,Pantnagar,Uttarakhand,46.09,38,71.58,15.49,75.65,43.02,5.44
IR-O-U-0341,North Eastern Hill University,Shillong,Meghalaya,45.99,39,67.86,14.53,75.72,54.75,6.51
IR-O-U-0476,Shanmugha Arts Science Technology & Research Academy,Thanjavur,Tamil Nadu,45.80,40,55.55,32.38,65.16,57.13,6.86
IR-O-U-0474,Sathyabama Institute of Science and Technology,Chennai,Tamil Nadu,45.58,41,59.17,27.15,65.86,62.79,2.41
IR-O-U-0052,Gauhati University,Guwahati,Assam,45.57,42,66.09,18.08,74.70,44.24,9.59
IR-O-I-1441,Saveetha Institute of Medical and Technical Sciences,Chennai,Tamil Nadu,45.42,43,69.98,17.64,62.16,67.15,0.00
IR-O-U-0485,Tamil Nadu Agricultural University,Coimbatore,Tamil Nadu,45.41,44,74.72,11.58,69.31,45.10,11.52
IR-O-U-0463,Madurai Kamraj University,Madurai,Tamil Nadu,45.20,45,63.94,28.11,57.10,41.36,20.28
IR-O-I-1110,Dr. D. Y. Patil Vidyapeeth,Pune,Maharashtra,45.11,46,77.38,7.61,62.46,63.71,7.56
IR-O-U-0098,Delhi Technological University,New Delhi,Delhi,44.89,47,55.99,24.33,66.89,54.61,19.51
IR-O-U-0369,Pondicherry University,Puducherry,Pondicherry,44.88,48,47.92,26.63,73.31,59.30,19.25
IR-O-U-0037,Sri Venkateswara University,Tirupati,Andhra Pradesh,44.88,48,62.46,23.60,69.63,44.79,6.51
IR-O-U-0020,Koneru Lakshmaiah Education Foundation University (K L College of Engineering),Vaddeswaram,Andhra Pradesh,44.70,50,67.17,19.07,63.80,57.15,3.58
IR-O-U-0381,Punjab Agricultural University,Ludhiana,Punjab,44.66,51,76.97,19.74,56.22,40.93,3.19
IR-O-U-0642,Shiv Nadar University,Dadri,Uttar Pradesh,44.45,52,69.46,14.05,61.53,64.61,6.15
IR-O-U-0196,University of Kashmir,Srinagar,Jammu and Kashmir,44.19,53,59.82,18.33,79.20,47.36,1.63
IR-O-U-0235,Mysore University,Mysore,Karnataka,44.06,54,57.30,18.15,78.43,52.67,4.70
IR-O-U-0376,Guru Nanak Dev University,Amritsar,Punjab,43.69,55,46.51,29.38,74.72,54.02,5.80
IR-O-U-0329,Symbiosis International,Pune,Maharashtra,43.65,56,70.01,9.43,61.03,72.88,3.19
IR-O-N-10,SVKM`s Narsee Monjee Institute of Management Studies,Mumbai,Maharashtra,43.63,57,68.83,11.68,64.22,65.21,1.22
IR-O-U-0497,Amity University,Gautam Budh Nagar,Uttar Pradesh,43.53,58,50.11,28.30,65.48,61.94,7.22
IR-O-U-0202,Birla Institute of Technology,Ranchi,Jharkhand,43.49,59,54.72,29.47,56.97,44.88,23.47
IR-O-U-0448,Bharathidasan University,Tiruchirappalli,Tamil Nadu,43.41,60,60.74,29.05,48.92,42.77,24.17
IR-O-U-0389,Banasthali Vidyapith,Banasthali,Rajasthan,43.22,61,50.40,11.67,84.87,72.01,4.33
IR-O-I-1361,Bharati Vidyapeeth,Pune,Maharashtra,42.89,62,63.91,11.42,64.49,60.23,13.66
IR-O-U-0159,Chaudhary Charan Singh Haryana Agricultural University,Hisar,Haryana,42.36,63,76.87,6.91,56.41,57.50,2.02
IR-O-U-0251,Calicut University,Malappuram,Kerala,42.22,64,56.32,16.46,71.53,53.45,7.22
IR-O-U-0253,Cochin University of Science and Technology,Cochin,Kerala,41.42,65,47.22,26.88,64.80,47.56,14.84
IR-O-U-0099,Guru Gobind Singh Indraprastha University,New Delhi,Delhi,41.21,66,56.39,18.96,64.62,53.19,3.58
IR-O-U-0123,Anand Agricultural University,Anand,Gujarat,41.20,67,69.48,12.25,59.12,41.45,7.22
IR-O-U-0470,Periyar University,Salem,Tamil Nadu,40.99,68,52.30,20.74,59.13,53.26,19.25
IR-O-U-0225,KLE Academy of Higher Education and Research,Belagavi,Karnataka,40.92,69,71.23,8.73,49.52,66.05,4.33
IR-O-U-0239,NITTE,Mangaluru,Karnataka,40.88,70,70.38,9.31,48.61,66.11,6.51
IR-O-U-0487,Tamil Nadu Veterinary & Animal Sciences University,Chennai,Tamil Nadu,40.88,70,70.98,8.01,62.85,44.12,2.02
IR-O-U-0370,Sri Balaji Vidyapeeth Mahatma Gandhi Medical College Campus,Puducherry,Pondicherry,40.87,72,72.58,7.84,48.89,69.73,0.00
IR-O-U-0232,Kuvempu University,Shimoga,Karnataka,40.60,73,56.65,11.99,70.47,58.44,0.82
IR-O-U-0195,University of Jammu,Jammu Tawi,Jammu and Kashmir,40.43,74,56.50,16.51,70.92,41.52,2.02
IR-O-U-0453,The Gandhigram Rural Institute,Gandhigram,Tamil Nadu,40.42,75,55.70,18.20,62.68,50.90,6.15
IR-O-U-0345,Mizoram University,Aizawl,Mizoram,40.27,76,61.43,8.71,70.15,50.04,2.02
IR-O-U-0507,Dayalbagh Educational Institute,Agra,Uttar Pradesh,40.24,77,62.80,2.71,64.50,65.08,11.83
IR-O-U-0036,Sri Venkateswara Institute of Medical Sciences,Tirupati,Andhra Pradesh,40.24,77,74.13,2.55,60.45,51.11,0.41
IR-O-U-0784,"Professor Jayashankar Telangana State Agricultural UniversityMore Details
Close | Close | TLR (100)RPC (100)GO (100)OI (100)PERCEPTION (100)72.871.7167.5241.43",Hyderabad,Telangana,40.17,79,72.87,1.71,67.52,41.43,1.63
IR-O-U-0181,Dr. Y. S. Parmar University of Horticulture and Forestry,Solan,Himachal Pradesh,40.07,80,70.34,5.97,64.58,40.17,2.41
IR-O-U-0318,Mumbai University,Mumbai,Maharashtra,40.03,81,43.87,17.10,79.29,50.92,7.91
IR-O-U-0014,International Institute of Information Technology Hyderabad,Hyderabad,Telangana,39.97,82,48.38,26.62,52.25,54.20,15.99
IR-O-U-0246,University of Agricultural Sciences,Dharwad,Karnataka,39.59,83,66.33,2.54,69.04,49.62,1.63
IR-O-U-0011,Gandhi Institute of Technology and Management,Visakhapatnam,Andhra Pradesh,39.42,84,57.29,11.26,65.26,55.95,2.02
IR-O-U-0298,Dr. Babasaheb Ambedkar Marathwada University,Aurangabad,Maharashtra,39.33,85,47.01,10.66,85.82,44.42,4.33
IR-O-U-0051,Dibrugarh University,Dibrugarh,Assam,39.30,86,62.53,8.88,63.00,47.63,5.07
IR-O-U-0233,Mangalore University,Mangalagangotri,Karnataka,39.26,87,65.49,12.44,53.43,50.34,1.63
IR-O-U-0321,Padmashree Dr. D. Y. Patil Vidyapeeth,Mumbai,Maharashtra,39.18,88,67.03,2.62,63.03,56.29,0.41
IR-O-U-0569,The University of Burdwan,Barddhaman,West Bengal,38.98,89,53.42,20.96,65.73,32.72,2.41
IR-O-I-1280,Maharshi Dayanand University,Rohtak,Haryana,38.94,90,49.34,13.91,74.11,49.05,2.41
IR-O-U-0576,Kalyani University,Kalyani,West Bengal,38.85,91,38.04,20.64,81.63,44.54,4.70
IR-O-U-0460,Karunya Institute of Technology and Sciences,Coimbatore,Tamil Nadu,38.79,92,50.65,15.10,60.81,56.34,12.76
IR-O-U-0464,Manonmaniam Sundaranar University,Tirunelveli,Tamil Nadu,38.76,93,58.11,14.89,54.83,50.65,8.25
IR-O-U-0121,Goa University,Goa,Goa,38.76,93,52.81,14.46,66.29,51.60,1.63
IR-O-U-0250,Yenepoya,Mangalore,Karnataka,38.68,95,72.04,5.75,44.59,63.01,1.22
IR-O-U-0372,Central University of Punjab,Bathinda,Punjab,38.68,95,61.46,13.62,46.73,60.12,7.91
IR-O-U-0050,Assam University,Silchar,Assam,38.67,97,56.32,13.29,63.64,45.81,4.70
IR-O-U-0164,"Kurukshetra UniversityMore Details
Close | 
Close | 

TLR (100)RPC (100)GO (100)OI (100)PERCEPTION (100)50.2810.6273.9747.2",Kurukshetra,Haryana,38.60,98,50.28,10.62,73.97,47.24,8.25
IR-O-U-0047,Rajiv Gandhi University,Itanagar,Arunachal Pradesh,38.48,99,61.40,2.68,66.64,58.93,0.41
IR-O-U-0465,Meenakshi Academy of Higher Education and Research,Chennai,Tamil Nadu,38.45,100,63.85,1.62,66.26,55.61,0.00
