Institute Id,Institute Name,City,State,Score_21,Rank_21,TLR_21,RPC_21,GO_21,OI_21,Perception_21,Score_20,Rank_20,TLR_20,RPC_20,GO_20,OI_20,Perception_20
IR-N-C-7254,Manipal College of Dental Sciences,Udupi,Karnataka,81.3,1.0,78.02,86.31,77.02,77.15,88.85,78.17,2.0,83.05,79.41,71.63,76.42,74.72
IR-N-I-1110,Dr. D. Y. Patil Vidyapeeth,Pune,Maharashtra,80.72,2.0,78.35,82.06,90.62,57.55,87.22,76.37,3.0,79.92,80.24,81.41,57.36,63.0
IR-N-I-1441,Saveetha Institute of Medical and Technical Sciences,Chennai,Tamil Nadu,78.33,3.0,84.46,82.21,74.94,67.36,66.03,72.34,4.0,82.66,60.57,74.93,63.38,80.44
IR-N-C-28507,Maulana Azad Institute of Dental Sciences,Delhi,Delhi,77.57,4.0,91.09,58.62,84.14,58.18,100.0,82.51,1.0,86.86,75.47,92.13,53.76,100.0
IR-N-U-0523,King George`s Medical University,Lucknow,Uttar Pradesh,71.78,5.0,86.29,57.15,80.31,66.67,60.1,,,,,,,
IR-N-C-19320,A.B.Shetty Memorial Institute of Dental Sciences,Mangaluru,Karnataka,70.95,6.0,77.95,44.7,85.7,72.75,97.48,70.87,5.0,81.76,45.05,86.56,72.98,82.19
IR-N-C-7240,"Manipal College of Dental Sciences, Mangalore",Mangalore,Karnataka,70.33,7.0,74.61,60.73,81.39,74.38,60.1,68.75,6.0,78.72,55.2,73.87,72.41,65.62
IR-N-I-1486,Sri Ramachandra Institute of Higher Education and Research,Chennai,Tamil Nadu,64.33,8.0,74.43,40.7,84.97,59.28,68.7,66.27,7.0,78.27,55.21,71.42,59.28,60.2
IR-N-N-238,SDM College of Dental Sciences & Hospital,Dharwad,Karnataka,63.69,9.0,71.36,33.94,93.3,63.16,71.22,,,,,,,
IR-N-N-352,SRM Dental College,Chennai,Tamil Nadu,63.57,10.0,68.87,48.49,96.32,56.38,34.56,64.47,9.0,73.92,45.61,95.99,56.37,37.72
IR-N-N-153,Nair Hospital Dental College,Mumbai,Maharashtra,62.73,11.0,68.82,46.75,86.64,50.36,56.79,64.54,8.0,71.1,45.0,92.13,52.56,60.2
IR-N-C-35008,JSS Dental College and Hospital,Mysuru,Karnataka,62.19,12.0,73.12,31.73,81.11,71.54,73.59,64.07,10.0,76.08,40.98,80.87,70.69,57.2
IR-N-U-0436,Amrita Vishwa Vidyapeetham,Coimbatore,Tamil Nadu,61.44,13.0,67.46,30.54,87.77,76.17,68.7,61.46,13.0,69.43,41.74,90.41,73.89,26.38
IR-N-U-0363,Siksha `O` Anusandhan,Bhubaneswar,Odisha,61.14,14.0,79.7,30.37,91.5,63.55,34.56,62.76,12.0,79.84,37.0,97.12,63.62,19.29
IR-N-U-0724,M.S. Ramaiah University of Applied Sciences,Bangalore,Karnataka,61.06,15.0,74.22,34.2,89.6,61.33,44.91,62.82,11.0,78.67,44.21,88.53,63.18,19.29
IR-N-C-30756,Postgraduate Institute of Dental Sciences,Rohtak,Haryana,60.61,16.0,83.71,40.56,69.48,49.38,44.91,60.68,15.0,81.55,44.47,64.81,48.59,50.45
IR-N-U-0356,Kalinga Institute of Industrial Technology,Bhubaneswar,Odisha,60.56,17.0,74.46,44.16,71.65,66.25,40.05,60.23,17.0,77.27,33.07,77.48,65.81,50.45
IR-N-C-40193,Bapuji Dental College & Hospital,Davangere,Karnataka,59.06,18.0,70.7,31.21,78.52,61.89,66.03,60.24,16.0,73.33,41.46,68.72,60.36,60.2
IR-N-U-0295,Datta Meghe Institute of Medical Sciences,Wardha,Maharashtra,58.38,19.0,70.91,41.02,73.8,55.52,44.91,60.99,14.0,73.65,44.38,84.45,54.45,32.43
IR-N-U-0108,Jamia Millia Islamia,New Delhi,Delhi,58.32,20.0,74.65,33.84,58.47,72.22,68.7,58.02,19.0,78.86,36.28,55.2,73.84,50.45
IR-N-C-8528,Yenepoya Dental College,Mangaluru,Karnataka,57.69,21.0,77.85,24.41,76.83,67.22,49.26,58.01,20.0,77.63,32.69,63.6,67.91,53.96
IR-N-N-91,Sree Balaji Dental College & Hospital,Chennai,Tamil Nadu,56.57,22.0,76.94,16.93,85.06,57.21,56.79,,,,,,,
IR-N-N-342,Vishnu Dental College,West Godavari,Andhra Pradesh,54.55,23.0,70.71,21.31,71.2,55.87,71.22,,,,,,,
IR-N-U-0465,Meenakshi Academy of Higher Education and Research,Chennai,Tamil Nadu,54.37,24.0,70.19,36.06,64.8,55.23,40.05,,,,,,,
IR-N-N-71,"Faculty of Dental Sciences, Institute of Medical Sciences",Varanasi,Uttar Pradesh,53.23,25.0,64.21,18.25,74.1,63.17,73.59,52.57,30.0,64.76,20.21,72.47,62.87,63.0
IR-N-U-0496,Aligarh Muslim University,Aligarh,Uttar Pradesh,52.85,26.0,73.26,22.93,77.67,50.05,34.56,,,,,,,
IR-N-C-49744,Saraswati Dental College & Hospital,Lucknow,Uttar Pradesh,52.37,27.0,70.77,19.42,91.21,58.96,11.66,,,,,,,
IR-N-C-40192,College of Dental Sciences,Davangere,Karnataka,52.28,28.0,70.41,20.12,81.72,59.57,28.23,57.22,21.0,73.69,36.7,74.06,60.48,32.43
IR-N-C-14028,"MGV's Karmaveer Bhausaheb Hiray Dental College, Panchavati, Nashik",Nashik,Maharashtra,52.25,29.0,68.9,21.83,94.63,40.16,20.76,,,,,,,
IR-N-N-73,Army College of Dental Sciences,Secunderabd,Telangana,51.99,30.0,68.21,10.25,82.11,67.19,53.19,55.13,23.0,70.73,17.36,86.58,67.18,46.63
IR-N-C-40175,Coorg Institute of Dental Sciences,Virajpet,Karnataka,51.69,31.0,68.7,17.23,75.92,57.96,49.26,,,,,,,
IR-N-C-29701,"Govt. Dental College, Indore",Indore,Madhya Pradesh,51.66,32.0,74.08,14.39,92.42,54.71,11.66,56.08,22.0,74.23,24.35,91.54,55.54,26.38
IR-N-C-24504,KLE Vishwanath Katti Institute of Dental Sciences,Belgaum,Karnataka,51.61,33.0,71.47,12.86,75.91,71.24,40.05,55.05,24.0,76.43,17.89,85.12,70.85,26.38
IR-N-U-0168,Maharishi Markandeshwar,Ambala,Haryana,51.46,34.0,64.65,23.9,79.21,62.32,28.23,55.04,25.0,65.62,26.42,80.63,66.37,46.63
IR-N-U-0461,M. G. R. Educational and Research Institute,Chennai,Tamil Nadu,51.44,35.0,61.5,21.64,92.98,50.84,28.23,54.02,27.0,67.82,32.71,93.44,51.67,0.0
IR-N-C-29150,Christian Dental College,Ludhiana,Punjab,51.43,36.0,70.22,10.14,84.22,64.65,40.05,58.29,18.0,85.39,12.11,92.16,59.45,46.63
IR-N-C-40140,Raja Rajeswari Dental College & Hospital,Bengaluru,Karnataka,51.31,37.0,67.03,20.62,92.33,65.42,0.0,,,,,,,
IR-N-U-0311,Krishna Institute of Medical Sciences Deemed University,Karad,Maharashtra,51.09,38.0,65.67,16.89,82.57,53.19,44.91,,,,,,,
IR-N-U-0169,Manav Rachna International Institute of Research & Studies,Faridabad,Haryana,51.02,39.0,67.32,11.13,85.99,68.16,34.56,,,,,,,
IR-N-C-28550,I.T.S. Dental College Hospital & Research Center,Greater Noida,Uttar Pradesh,50.87,40.0,68.97,13.85,82.75,66.45,28.23,,,,,,,
IR-N-C-40531,Sri Dharmasthala Manjunatheswara College of Dharwad,Dharwad,Karnataka,,,,,,,,54.3,26.0,75.98,10.38,84.85,57.14,57.2
IR-N-U-0078,Panjab University,Chandigarh,Chandigarh,,,,,,,,53.09,28.0,71.58,24.15,72.61,66.19,32.43
IR-N-N-116,Pacific Dental College,Udaipur,Rajasthan,,,,,,,,52.87,29.0,69.84,23.7,92.17,63.83,0.0
